Date,Rainfall (mm),Tmax (°C),Tmin (°C),Tmean (°C),Tavg (°C),Tmean_final (°C),ET (mm/day),Ra (mm/day),relative_humidity,ndvi_modis,Latitude,Longitude,Station
2008-01-01,3.70153,21.7,14.4,18.0,18.05,18.0,2.3452787034938196,10.541979496570972,0.749825,0.584019,20.018748,-155.692546,Hirako Farm
2008-01-02,0.954311,22.3,14.1,18.2,18.2,18.2,2.5038850377008304,10.56032105950732,0.7073990000000001,0.593052,20.018748,-155.692546,Hirako Farm
2008-01-03,3.1581,22.2,13.3,17.8,17.75,17.8,2.5844070976899833,10.580058956652111,0.748385,0.593052,20.018748,-155.692546,Hirako Farm
2008-01-04,0.68582,22.6,13.8,18.2,18.200000000000003,18.2,2.6039100036864036,10.601182163961555,0.758934,0.58403,20.018748,-155.692546,Hirako Farm
2008-01-05,0.125181,23.1,13.5,18.3,18.3,18.3,2.7330374754880906,10.623678818023743,0.7211879999999999,0.593078,20.018748,-155.692546,Hirako Farm
2008-01-06,0.050338,23.9,13.6,18.8,18.75,18.8,2.8765813466396235,10.647536221331242,0.725966,0.594257,20.018748,-155.692546,Hirako Farm
2008-01-07,0.0844648,23.5,13.3,18.4,18.4,18.4,2.838000427838238,10.672740848080421,0.7063379999999999,0.593618,20.018748,-155.692546,Hirako Farm
2008-01-08,0.0395137,23.6,13.0,18.3,18.3,18.3,2.8922941338741013,10.699278350513923,0.664686,0.649078,20.018748,-155.692546,Hirako Farm
2008-01-09,0.0234348,22.8,12.9,17.8,17.85,17.8,2.7636250429015474,10.727133565823442,0.669986,0.682404,20.018748,-155.692546,Hirako Farm
2008-01-10,0.00530529,22.6,13.0,17.8,17.8,17.8,2.728826816992848,10.756290523629593,0.6552849999999999,0.694973,20.018748,-155.692546,Hirako Farm
2008-01-11,0.0,22.5,13.2,17.8,17.85,17.8,2.6934518439101964,10.78673245405614,0.683677,0.694973,20.018748,-155.692546,Hirako Farm
2008-01-12,0.0,22.6,12.4,17.5,17.5,17.5,2.8052226716690165,10.818441796415314,0.6991660000000001,0.68457,20.018748,-155.692546,Hirako Farm
2008-01-13,5.96501,22.7,12.3,17.5,17.5,17.5,2.841220843008823,10.851400208520953,0.616522,0.67728,20.018748,-155.692546,Hirako Farm
2008-01-14,1.20092,22.0,12.2,17.1,17.1,17.1,2.7353834618974835,10.885588576645747,0.566161,0.673934,20.018748,-155.692546,Hirako Farm
2008-01-15,1.50593,21.5,11.3,16.4,16.4,16.4,2.7435692026172918,10.920987026138205,0.588995,0.67728,20.018748,-155.692546,Hirako Farm
2008-01-16,0.105376,21.2,10.8,16.0,16.0,16.0,2.7471075036857986,10.957574932714532,0.5855279999999999,0.674193,20.018748,-155.692546,Hirako Farm
2008-01-17,1.31738,21.1,10.5,15.8,15.8,15.8,2.7664852001197895,10.995330934439586,0.653138,0.683001,20.018748,-155.692546,Hirako Farm
2008-01-18,0.777489,20.4,12.6,16.5,16.5,16.5,2.431148042141054,11.034232944410288,0.763931,0.683001,20.018748,-155.692546,Hirako Farm
2008-01-19,0.526798,22.1,12.9,17.5,17.5,17.5,2.7271630162695417,11.074258164153791,0.656813,0.683001,20.018748,-155.692546,Hirako Farm
2008-01-20,1.36045,22.2,13.7,18.0,17.95,18.0,2.6683620844694804,11.115383097751556,0.6624509999999999,0.683715,20.018748,-155.692546,Hirako Farm
2008-01-21,0.293461,22.0,12.8,17.4,17.4,17.4,2.7398990476860976,11.157583566699142,0.6553019999999999,0.683715,20.018748,-155.692546,Hirako Farm
2008-01-22,0.49519,21.5,12.9,17.2,17.2,17.2,2.6442072704112416,11.200834725510177,0.6351749999999999,0.675838,20.018748,-155.692546,Hirako Farm
2008-01-23,0.86592,21.7,12.8,17.2,17.25,17.2,2.7005649913382648,11.245111078071535,0.7071040000000001,0.676797,20.018748,-155.692546,Hirako Farm
2008-01-24,0.293524,21.6,11.4,16.5,16.5,16.5,2.8446631766001107,11.290386494754935,0.589778,0.675757,20.018748,-155.692546,Hirako Farm
2008-01-25,0.199121,21.7,11.6,16.7,16.65,16.7,2.8588525243723746,11.336634230288764,0.5918990000000001,0.679967,20.018748,-155.692546,Hirako Farm
2008-01-26,2.9196,20.7,13.1,16.9,16.9,16.9,2.504680830377365,11.383826942391936,0.6764619999999999,0.679377,20.018748,-155.692546,Hirako Farm
2008-01-27,3.21895,19.8,12.3,16.0,16.05,16.0,2.4338565604483815,11.431936711169836,0.731798,0.675611,20.018748,-155.692546,Hirako Farm
2008-01-28,3.06075,20.3,12.1,16.2,16.2,16.2,2.5709340705093022,11.480935059270445,0.6453369999999999,0.680065,20.018748,-155.692546,Hirako Farm
2008-01-29,1.29905,20.4,12.0,16.2,16.2,16.2,2.613398098963384,11.530792972796759,0.680617,,20.018748,-155.692546,Hirako Farm
2008-01-30,0.722274,20.5,11.5,16.0,16.0,16.0,2.7010329808549516,11.581480922969522,0.6943779999999999,0.679666,20.018748,-155.692546,Hirako Farm
2008-01-31,2.14535,20.4,12.0,16.2,16.2,16.2,2.636555772904206,11.632968888532316,0.723316,0.675282,20.018748,-155.692546,Hirako Farm
2008-02-01,3.26962,20.8,13.8,17.3,17.3,17.3,2.495865069161292,11.68522637888872,0.755444,0.67521,20.018748,-155.692546,Hirako Farm
2008-02-02,6.59468,20.4,15.1,17.8,17.75,17.8,2.21267742327163,11.738222457959298,0.7808769999999999,0.659599,20.018748,-155.692546,Hirako Farm
2008-02-03,3.06187,20.0,14.8,17.4,17.4,17.4,2.1769923750125346,11.79192576874382,0.87178,0.659599,20.018748,-155.692546,Hirako Farm
2008-02-04,3.58808,20.2,14.9,17.6,17.55,17.6,2.2205058753835645,11.846304558571992,0.8640089999999999,0.659599,20.018748,-155.692546,Hirako Farm
2008-02-05,6.36045,19.8,14.6,17.2,17.2,17.2,2.1847056378582117,11.901326705023745,0.877204,0.671034,20.018748,-155.692546,Hirako Farm
2008-02-06,2.81414,20.3,14.5,17.4,17.4,17.4,2.3313381112555276,11.956959742497967,0.81144,0.657326,20.018748,-155.692546,Hirako Farm
2008-02-07,0.844916,20.9,14.1,17.5,17.5,17.5,2.543399917059296,12.013170889406243,0.8024800000000001,0.671034,20.018748,-155.692546,Hirako Farm
2008-02-08,1.81981,21.5,13.5,17.5,17.5,17.5,2.771738032700793,12.069927075966199,0.786021,0.59208,20.018748,-155.692546,Hirako Farm
2008-02-09,3.15904,21.7,13.7,17.7,17.7,17.7,2.800667440491812,12.127194972566636,0.761099,0.558453,20.018748,-155.692546,Hirako Farm
2008-02-10,0.990555,22.3,13.1,17.7,17.7,17.7,3.017682428632127,12.18494101867483,0.734653,0.558453,20.018748,-155.692546,Hirako Farm
2008-02-11,1.35756,22.0,13.1,17.6,17.55,17.6,2.9738469511607866,12.24313145225401,0.681676,0.575267,20.018748,-155.692546,Hirako Farm
2008-02-12,0.238033,22.6,13.2,17.9,17.9,17.9,3.0968933704820127,12.301732339657235,0.736905,0.570643,20.018748,-155.692546,Hirako Farm
2008-02-13,0.37812,21.9,12.7,17.3,17.299999999999997,17.3,3.0267201615791044,12.360709605961867,0.664558,0.570784,20.018748,-155.692546,Hirako Farm
2008-02-14,0.246728,21.7,12.7,17.2,17.2,17.2,2.9994370193682096,12.420029065706872,0.6706399999999999,0.585453,20.018748,-155.692546,Hirako Farm
2008-02-15,0.284617,21.5,11.8,16.6,16.65,16.6,3.0752099825172095,12.479656453993519,0.693848,0.585453,20.018748,-155.692546,Hirako Farm
2008-02-16,0.462727,21.5,12.1,16.8,16.8,16.8,3.059497279733296,12.5395574579082,0.8147280000000001,0.584211,20.018748,-155.692546,Hirako Farm
2008-02-17,0.152754,22.0,12.5,17.2,17.25,17.2,3.1262075676013543,12.5996977482245,0.750405,0.584211,20.018748,-155.692546,Hirako Farm
2008-02-18,0.0593623,22.8,12.2,17.5,17.5,17.5,3.346498658131271,12.660043011340125,0.703237,0.590548,20.018748,-155.692546,Hirako Farm
2008-02-19,0.0423086,23.4,12.3,17.8,17.85,17.8,3.4701281981750123,12.720558981402803,0.6557259999999999,0.606526,20.018748,-155.692546,Hirako Farm
2008-02-20,0.0247319,23.4,12.7,18.0,18.049999999999997,18.0,3.442506524717513,12.781211472577953,0.729549,0.606526,20.018748,-155.692546,Hirako Farm
2008-02-21,0.0406933,22.8,12.5,17.6,17.65,17.6,3.35568541306139,12.841966411409794,0.647243,0.590545,20.018748,-155.692546,Hirako Farm
2008-02-22,0.0108727,23.0,12.0,17.5,17.5,17.5,3.47442153776835,12.902789869226215,0.703553,0.585694,20.018748,-155.692546,Hirako Farm
2008-02-23,0.0520997,23.1,12.3,17.7,17.700000000000003,17.7,3.478526371330147,12.96364809453707,0.721575,0.581318,20.018748,-155.692546,Hirako Farm
2008-02-24,0.0391906,23.0,12.3,17.6,17.65,17.6,3.4688402400880918,13.024507545374433,0.6881870000000001,0.590553,20.018748,-155.692546,Hirako Farm
2008-02-25,1.41128,22.8,12.2,17.5,17.5,17.5,3.458918403108869,13.085334921522763,0.732085,0.622365,20.018748,-155.692546,Hirako Farm
2008-02-26,0.29022,22.4,13.2,17.8,17.799999999999997,17.8,3.264890247395568,13.146097196586332,0.6770900000000001,0.587911,20.018748,-155.692546,Hirako Farm
2008-02-27,0.0424556,22.7,12.6,17.7,17.65,17.7,3.4269929887234873,13.206761649840757,0.668635,0.580844,20.018748,-155.692546,Hirako Farm
2008-02-28,0.0811583,22.8,13.0,17.9,17.9,17.9,3.410291520615445,13.26729589781523,0.6812229999999999,0.573566,20.018748,-155.692546,Hirako Farm
2008-02-29,0.0,23.3,13.5,18.4,18.4,18.4,3.4737903760221553,13.32766792555179,0.678929,0.558093,20.018748,-155.692546,Hirako Farm
2008-03-01,0.0213987,23.5,12.8,18.2,18.15,18.2,3.626042895944812,13.387846117488092,0.6567810000000001,0.541421,20.018748,-155.692546,Hirako Farm
2008-03-02,0.0,23.3,13.1,18.2,18.2,18.2,3.556162853757944,13.447799287910088,0.6633969999999999,0.558396,20.018748,-155.692546,Hirako Farm
2008-03-03,0.0423313,22.9,12.7,17.8,17.799999999999997,17.8,3.5322610330995854,13.50749671092138,0.688556,0.558396,20.018748,-155.692546,Hirako Farm
2008-03-04,0.0208197,23.5,12.4,18.0,17.95,18.0,3.721801759150097,13.566908149876417,0.640344,0.544382,20.018748,-155.692546,Hirako Farm
2008-03-05,0.0617882,23.5,13.4,18.4,18.45,18.4,3.605500846902011,13.626003886225282,0.6435580000000001,0.541725,20.018748,-155.692546,Hirako Farm
2008-03-06,0.14518,23.2,13.1,18.2,18.15,18.2,3.601040802261198,13.68475474771841,0.638413,0.540734,20.018748,-155.692546,Hirako Farm
2008-03-07,0.0414025,23.0,12.8,17.9,17.9,17.9,3.6039757503657763,13.743132135920582,0.679401,0.540734,20.018748,-155.692546,Hirako Farm
2008-03-08,0.0527135,22.9,13.3,18.1,18.1,18.1,3.5307897506478745,13.801108052984391,0.6982970000000001,0.542357,20.018748,-155.692546,Hirako Farm
2008-03-09,0.0,23.6,13.0,18.3,18.3,18.3,3.7463561200944246,13.858655127634542,0.6621210000000001,0.542357,20.018748,-155.692546,Hirako Farm
2008-03-10,0.0910634,23.7,13.2,18.4,18.45,18.4,3.754374307354063,13.915746640315648,0.712101,0.535506,20.018748,-155.692546,Hirako Farm
2008-03-11,0.279798,23.4,13.9,18.6,18.65,18.6,3.6054600002863695,13.97235654745758,0.679534,0.535355,20.018748,-155.692546,Hirako Farm
2008-03-12,0.287125,23.9,14.2,19.0,19.049999999999997,19.0,3.6980391506334884,14.028459504813837,0.648255,0.506609,20.018748,-155.692546,Hirako Farm
2008-03-13,0.031715,22.8,14.4,18.6,18.6,18.6,3.4174001299827323,14.084030889830194,0.683074,0.53538,20.018748,-155.692546,Hirako Farm
2008-03-14,0.449242,22.6,14.8,18.7,18.700000000000003,18.7,3.315035125846898,14.139046823002662,0.6765479999999999,0.537187,20.018748,-155.692546,Hirako Farm
2008-03-15,0.0884858,22.4,14.5,18.4,18.45,18.4,3.3215360507928726,14.193484188185485,0.671152,0.564863,20.018748,-155.692546,Hirako Farm
2008-03-16,0.727727,22.3,14.3,18.3,18.3,18.3,3.345902104728594,14.247320651812178,0.671473,0.564863,20.018748,-155.692546,Hirako Farm
2008-03-17,0.822032,22.6,14.6,18.6,18.6,18.6,3.386308250315041,14.300534680994492,0.723758,0.559275,20.018748,-155.692546,Hirako Farm
2008-03-18,1.3975,22.7,14.9,18.8,18.8,18.8,3.3744430394655898,14.35310556046651,0.729482,0.559275,20.018748,-155.692546,Hirako Farm
2008-03-19,2.24678,22.2,14.6,18.4,18.4,18.4,3.306411246947892,14.40501340834329,0.72391,0.534704,20.018748,-155.692546,Hirako Farm
2008-03-20,0.443273,22.0,14.2,18.1,18.1,18.1,3.3336876896305427,14.456239190666,0.730914,0.534704,20.018748,-155.692546,Hirako Farm
2008-03-21,0.320461,21.9,14.6,18.2,18.25,18.2,3.245355932390951,14.506764734707707,0.7839430000000001,0.534704,20.018748,-155.692546,Hirako Farm
2008-03-22,3.52443,22.4,14.5,18.4,18.45,18.4,3.4065054425130024,14.556572741016792,0.733801,0.532647,20.018748,-155.692546,Hirako Farm
2008-03-23,1.18638,22.8,14.1,18.4,18.45,18.4,3.586879829365518,14.605646794177261,0.686647,0.532647,20.018748,-155.692546,Hirako Farm
2008-03-24,1.20638,22.5,14.0,18.2,18.25,18.2,3.537489328601625,14.653971372268169,0.661813,0.498302,20.018748,-155.692546,Hirako Farm
2008-03-25,0.0638559,22.5,14.0,18.2,18.25,18.2,3.548970496121128,14.70153185500679,0.693479,,20.018748,-155.692546,Hirako Farm
2008-03-26,0.188946,22.4,13.0,17.7,17.7,17.7,3.6920069246255527,14.748314530563087,0.647195,0.525335,20.018748,-155.692546,Hirako Farm
2008-03-27,0.539014,22.9,13.7,18.3,18.299999999999997,18.3,3.72583455727139,14.79430660103572,0.666801,0.527844,20.018748,-155.692546,Hirako Farm
2008-03-28,0.703357,23.6,14.4,19.0,19.0,19.0,3.8096819906234725,14.83949618658264,0.683681,0.527844,20.018748,-155.692546,Hirako Farm
2008-03-29,0.800475,24.1,14.9,19.5,19.5,19.5,3.872991265454145,14.88387232820202,0.624599,0.527298,20.018748,-155.692546,Hirako Farm
2008-03-30,0.377894,23.5,14.6,19.0,19.05,19.0,3.769255311767789,14.927424989162317,0.657321,0.494117,20.018748,-155.692546,Hirako Farm
2008-03-31,1.03453,23.0,13.5,18.2,18.25,18.2,3.820481912686787,14.97014505508272,0.658025,0.490366,20.018748,-155.692546,Hirako Farm
2008-04-01,0.203138,23.2,13.2,18.2,18.2,18.2,3.9306972641951816,15.012024332668343,0.595155,0.510652,20.018748,-155.692546,Hirako Farm
2008-04-02,0.6283,22.4,13.1,17.8,17.75,17.8,3.7587545989974065,15.053055547107052,0.6466670000000001,0.507235,20.018748,-155.692546,Hirako Farm
2008-04-03,1.14912,22.3,12.2,17.2,17.25,17.2,3.8613469415353032,15.093232338137726,0.6327929999999999,0.507235,20.018748,-155.692546,Hirako Farm
2008-04-04,0.412404,21.0,11.7,16.4,16.35,16.4,3.6300074179294115,15.132549254802345,0.6424120000000001,0.507235,20.018748,-155.692546,Hirako Farm
2008-04-05,0.809966,22.0,10.7,16.4,16.35,16.4,4.011505779428375,15.17100174889696,0.638941,0.54786,20.018748,-155.692546,Hirako Farm
2008-04-06,1.68294,22.2,12.2,17.2,17.2,17.2,3.871548668466789,15.20858616713933,0.7081019999999999,0.508212,20.018748,-155.692546,Hirako Farm
2008-04-07,1.03505,22.3,12.2,17.2,17.25,17.2,3.9002508020165485,15.245299742073323,0.712979,0.524169,20.018748,-155.692546,Hirako Farm
2008-04-08,0.103222,23.1,13.0,18.0,18.05,18.0,3.9987782446927707,15.281140581732942,0.6970780000000001,0.524169,20.018748,-155.692546,Hirako Farm
2008-04-09,3.07155,22.8,15.2,19.0,19.0,19.0,3.5738050748987087,15.316107658091001,0.7574609999999999,0.524169,20.018748,-155.692546,Hirako Farm
2008-04-10,2.53856,23.2,15.8,19.5,19.5,19.5,3.5823382358591873,15.350200794319912,0.76457,0.504981,20.018748,-155.692546,Hirako Farm
2008-04-11,2.16665,23.4,16.0,19.7,19.7,19.7,3.609340704789038,15.383420650894323,0.711028,0.522679,20.018748,-155.692546,Hirako Farm
2008-04-12,3.42272,23.3,15.0,19.2,19.15,19.2,3.779495147281222,15.415768710567278,0.681828,0.497283,20.018748,-155.692546,Hirako Farm
2008-04-13,1.01154,23.2,14.5,18.8,18.85,18.8,3.835479324850181,15.447247262254063,0.6947239999999999,0.508826,20.018748,-155.692546,Hirako Farm
2008-04-14,0.557066,22.4,14.6,18.5,18.5,18.5,3.6090480083709204,15.477859383859194,0.690903,0.478963,20.018748,-155.692546,Hirako Farm
2008-04-15,0.0510053,22.2,14.5,18.4,18.35,18.4,3.582833361030907,15.507608924084494,0.7007680000000001,0.465347,20.018748,-155.692546,Hirako Farm
2008-04-16,0.0897145,22.1,14.2,18.2,18.15,18.2,3.615739097177111,15.536500483257488,0.7307729999999999,0.478963,20.018748,-155.692546,Hirako Farm
2008-04-17,0.0169847,22.2,14.4,18.3,18.3,18.3,3.609263688462333,15.564539393221137,0.7546120000000001,0.465347,20.018748,-155.692546,Hirako Farm
2008-04-18,0.0890772,23.1,15.1,19.1,19.1,19.1,3.7427735224001535,15.591731696327374,0.663639,0.462952,20.018748,-155.692546,Hirako Farm
2008-04-19,2.54398,23.4,15.2,19.3,19.299999999999997,19.3,3.8162465927869933,15.618084123578255,0.668808,0.462952,20.018748,-155.692546,Hirako Farm
2008-04-20,1.53836,23.1,14.9,19.0,19.0,19.0,3.7915727787601843,15.64360407195981,0.682842,0.397924,20.018748,-155.692546,Hirako Farm
2008-04-21,0.658511,23.2,14.0,18.6,18.6,18.6,3.978734869618114,15.66829958101479,0.607885,0.397924,20.018748,-155.692546,Hirako Farm
2008-04-22,0.895932,22.8,14.2,18.5,18.5,18.5,3.842084822876159,15.692179308701386,0.676408,0.404449,20.018748,-155.692546,Hirako Farm
2008-04-23,0.092455,22.7,15.1,18.9,18.9,18.9,3.6569755767463663,15.715252506586017,0.6967829999999999,0.40377,20.018748,-155.692546,Hirako Farm
2008-04-24,0.0173905,22.7,14.0,18.4,18.35,18.4,3.8648494044536204,15.737528994418836,0.711314,0.40377,20.018748,-155.692546,Hirako Farm
2008-04-25,0.0345632,23.1,14.0,18.6,18.55,18.6,3.9799635866379965,15.759019134141298,0.720688,0.40377,20.018748,-155.692546,Hirako Farm
2008-04-26,0.404583,23.0,14.5,18.8,18.75,18.8,3.872737464464647,15.77973380337548,0.731155,0.40087,20.018748,-155.692546,Hirako Farm
2008-04-27,0.193375,23.7,14.5,19.1,19.1,19.1,4.06720934711419,15.79968436844541,0.691635,0.40377,20.018748,-155.692546,Hirako Farm
2008-04-28,1.42555,24.6,15.8,20.2,20.200000000000003,20.2,4.101366438043342,15.81888265698042,0.648616,0.408655,20.018748,-155.692546,Hirako Farm
2008-04-29,0.458928,23.8,16.9,20.3,20.35,20.3,3.645521156159412,15.83734093015108,0.683051,0.403743,20.018748,-155.692546,Hirako Farm
2008-04-30,0.0397398,24.0,16.8,20.4,20.4,20.4,3.7378826417477873,15.855071854587877,0.602237,0.408655,20.018748,-155.692546,Hirako Farm
2008-05-01,0.313548,24.0,15.6,19.8,19.8,19.8,3.9782255255355388,15.872088474032797,0.6362140000000001,0.413566,20.018748,-155.692546,Hirako Farm
2008-05-02,0.364881,23.8,15.3,19.6,19.55,19.6,3.9846408251544725,15.88840418077356,0.666951,0.402952,20.018748,-155.692546,Hirako Farm
2008-05-03,1.76305,23.0,15.0,19.0,19.0,19.0,3.80739475970298,15.90403268690987,0.706341,0.393433,20.018748,-155.692546,Hirako Farm
2008-05-04,3.63692,22.5,14.6,18.6,18.55,18.6,3.7459176060782893,15.91898799550056,0.720085,0.399117,20.018748,-155.692546,Hirako Farm
2008-05-05,0.636252,22.5,14.6,18.6,18.55,18.6,3.749281704794752,15.933284371639788,0.6876300000000001,0.399116,20.018748,-155.692546,Hirako Farm
2008-05-06,0.213619,22.2,14.5,18.4,18.35,18.4,3.684334297439133,15.94693631350967,0.686409,0.40447,20.018748,-155.692546,Hirako Farm
2008-05-07,2.24828,22.5,14.8,18.6,18.65,18.6,3.7077149716529645,15.959958523456082,0.655575,0.403141,20.018748,-155.692546,Hirako Farm
2008-05-08,1.0029,22.3,14.5,18.4,18.4,18.4,3.7140945714343396,15.972365879133097,0.653142,0.395065,20.018748,-155.692546,Hirako Farm
2008-05-09,1.30522,22.4,14.3,18.4,18.35,18.4,3.7876435235246486,15.98417340476078,0.6540300000000001,0.383908,20.018748,-155.692546,Hirako Farm
2008-05-10,0.539362,22.5,14.7,18.6,18.6,18.6,3.7399993268445684,15.995396242539782,0.6686230000000001,0.383908,20.018748,-155.692546,Hirako Farm
2008-05-11,0.360436,22.9,14.6,18.8,18.75,18.8,3.8817908019734375,16.006049624265042,0.653009,0.392346,20.018748,-155.692546,Hirako Farm
2008-05-12,0.293278,22.2,14.1,18.2,18.15,18.2,3.774252422003295,16.016148843179575,0.665457,0.403998,20.018748,-155.692546,Hirako Farm
2008-05-13,4.11344,22.1,13.7,17.9,17.9,17.9,3.813756437315287,16.02570922610813,0.705202,0.403998,20.018748,-155.692546,Hirako Farm
2008-05-14,1.70293,22.3,14.2,18.2,18.25,18.2,3.778634921478409,16.034746105908845,0.7265649999999999,0.386774,20.018748,-155.692546,Hirako Farm
2008-05-15,2.06442,22.7,14.2,18.4,18.45,18.4,3.894385071054029,16.04327479427996,0.729996,0.366268,20.018748,-155.692546,Hirako Farm
2008-05-16,0.552692,23.1,14.4,18.8,18.75,18.8,3.9854654182121596,16.05131055495673,0.777444,0.33726,20.018748,-155.692546,Hirako Farm
2008-05-17,0.01259,23.6,15.0,19.3,19.3,19.3,4.0185179741161665,16.058868577332593,0.719302,0.304928,20.018748,-155.692546,Hirako Farm
2008-05-18,0.0187971,23.7,14.5,19.1,19.1,19.1,4.135755957285105,16.065963950536695,0.682426,0.362662,20.018748,-155.692546,Hirako Farm
2008-05-19,0.0748013,23.5,15.1,19.3,19.3,19.3,3.9749149410599722,16.072611637998538,0.7327030000000001,0.396147,20.018748,-155.692546,Hirako Farm
2008-05-20,0.304936,23.7,15.2,19.4,19.45,19.4,4.010833063535819,16.07882645252892,0.718343,0.37495,20.018748,-155.692546,Hirako Farm
2008-05-21,0.379019,23.5,14.7,19.1,19.1,19.1,4.049546826466625,16.084623031944485,0.777157,0.374951,20.018748,-155.692546,Hirako Farm
2008-05-22,0.0661244,23.0,14.6,18.8,18.8,18.8,3.9255908746397497,16.090015815262056,0.788823,0.357486,20.018748,-155.692546,Hirako Farm
2008-05-23,0.0207501,23.3,13.9,18.6,18.6,18.6,4.131280096544422,16.09501901948674,0.748259,0.348357,20.018748,-155.692546,Hirako Farm
2008-05-24,0.0220345,24.0,14.2,19.1,19.1,19.1,4.277436623102112,16.099646617016727,0.618315,0.365111,20.018748,-155.692546,Hirako Farm
2008-05-25,0.320798,23.7,15.1,19.4,19.4,19.4,4.040651535696832,16.103912313685804,0.6904399999999999,0.365319,20.018748,-155.692546,Hirako Farm
2008-05-26,0.21363,23.4,15.0,19.2,19.2,19.2,3.9728871387046065,16.10782952746322,0.6801189999999999,,20.018748,-155.692546,Hirako Farm
2008-05-27,0.428275,23.6,15.0,19.3,19.3,19.3,4.031666107622778,16.111411367828964,0.6944750000000001,0.349972,20.018748,-155.692546,Hirako Farm
2008-05-28,0.297882,23.6,14.7,19.2,19.15,19.2,4.09115558973177,16.114670615841025,0.622118,0.349972,20.018748,-155.692546,Hirako Farm
2008-05-29,0.0550665,23.8,14.3,19.0,19.05,19.0,4.204732403139055,16.11761970490983,0.648858,0.349972,20.018748,-155.692546,Hirako Farm
2008-05-30,0.791445,23.6,14.7,19.2,19.15,19.2,4.0925773268270955,16.120270702293617,0.647676,0.36528,20.018748,-155.692546,Hirako Farm
2008-05-31,0.471688,23.5,14.9,19.2,19.2,19.2,4.023600149987302,16.122635291327192,0.6305919999999999,0.365046,20.018748,-155.692546,Hirako Farm
2008-06-01,0.119613,23.9,15.0,19.4,19.45,19.4,4.115836263305005,16.124724754395192,0.609538,0.366777,20.018748,-155.692546,Hirako Farm
2008-06-02,0.0525179,23.9,15.1,19.5,19.5,19.5,4.104114515025668,16.12654995665988,0.6304379999999999,0.380995,20.018748,-155.692546,Hirako Farm
2008-06-03,0.213575,23.5,15.2,19.4,19.35,19.4,3.975516900324947,16.12812133055214,0.675385,0.366058,20.018748,-155.692546,Hirako Farm
2008-06-04,0.165078,23.4,15.0,19.2,19.2,19.2,3.9782194010148335,16.12944886103353,0.7428669999999999,0.366058,20.018748,-155.692546,Hirako Farm
2008-06-05,0.0907231,23.3,15.0,19.2,19.15,19.2,3.9547366483886437,16.13054207163587,0.691049,0.364015,20.018748,-155.692546,Hirako Farm
2008-06-06,0.191055,23.4,14.2,18.8,18.799999999999997,18.8,4.1188423058892205,16.131410011284327,0.672313,0.364015,20.018748,-155.692546,Hirako Farm
2008-06-07,0.638053,25.1,15.1,20.1,20.1,20.1,4.446895338033984,16.132061241908662,0.617895,0.370661,20.018748,-155.692546,Hirako Farm
2008-06-08,0.277141,25.5,16.8,21.2,21.15,21.2,4.268289284236128,16.13250382684677,0.601882,0.372742,20.018748,-155.692546,Hirako Farm
2008-06-09,1.62902,24.6,15.8,20.2,20.200000000000003,20.2,4.182741704574899,16.132745320043842,0.595977,0.371175,20.018748,-155.692546,Hirako Farm
2008-06-10,0.679428,24.2,15.1,19.7,19.65,19.7,4.197486951494905,16.132792756049707,0.6399009999999999,0.370782,20.018748,-155.692546,Hirako Farm
2008-06-11,3.51432,23.4,15.4,19.4,19.4,19.4,3.904105565589561,16.132652640816502,0.748103,0.370782,20.018748,-155.692546,Hirako Farm
2008-06-12,2.73603,23.3,15.2,19.2,19.25,19.2,3.907231937632606,16.132330943298083,0.7948439999999999,0.351141,20.018748,-155.692546,Hirako Farm
2008-06-13,0.820486,23.1,14.8,19.0,18.950000000000003,19.0,3.9336745019950303,16.131833087852332,0.7140099999999999,0.372407,20.018748,-155.692546,Hirako Farm
2008-06-14,0.922735,23.2,13.9,18.6,18.55,18.6,4.118474668098149,16.131163947446886,0.7030540000000001,0.366151,20.018748,-155.692546,Hirako Farm
2008-06-15,0.41629,22.4,14.8,18.6,18.6,18.6,3.7228814764503784,16.130327837668684,0.723201,0.366151,20.018748,-155.692546,Hirako Farm
2008-06-16,0.197812,23.0,14.7,18.8,18.85,18.8,3.911688425804703,16.129328511537267,0.741854,0.375253,20.018748,-155.692546,Hirako Farm
2008-06-17,0.399387,23.4,14.6,19.0,19.0,19.0,4.049506128055357,16.12816915512156,0.7167239999999999,0.371301,20.018748,-155.692546,Hirako Farm
2008-06-18,0.489052,23.8,15.1,19.4,19.45,19.4,4.0698650866872885,16.12685238395977,0.7070569999999999,0.368448,20.018748,-155.692546,Hirako Farm
2008-06-19,1.68672,23.6,15.5,19.6,19.55,19.6,3.9477706311711134,16.12538024028163,0.6966249999999999,0.369283,20.018748,-155.692546,Hirako Farm
2008-06-20,0.408701,23.6,15.3,19.4,19.450000000000003,19.4,3.974440418035979,16.123754191032436,0.679419,0.368597,20.018748,-155.692546,Hirako Farm
2008-06-21,3.62116,23.7,14.6,19.2,19.15,19.2,4.138743417414753,16.1219751266977,0.692959,0.368615,20.018748,-155.692546,Hirako Farm
2008-06-22,0.664681,23.6,15.2,19.4,19.4,19.4,3.997390947246855,16.12004336092779,0.725913,0.364529,20.018748,-155.692546,Hirako Farm
2008-06-23,1.2339,24.3,16.0,20.2,20.15,20.2,4.0584529505878395,16.117958630961304,0.641844,0.3628,20.018748,-155.692546,Hirako Farm
2008-06-24,0.787272,24.0,16.1,20.0,20.05,20.0,3.93806515621209,16.11572009884604,0.718874,0.362819,20.018748,-155.692546,Hirako Farm
2008-06-25,0.316491,24.5,15.6,20.0,20.05,20.0,4.1792643506501355,16.113326353456554,0.6788970000000001,0.362819,20.018748,-155.692546,Hirako Farm
2008-06-26,0.696608,24.4,16.0,20.2,20.2,20.2,4.081008686957083,16.1107754133069,0.696995,0.366355,20.018748,-155.692546,Hirako Farm
2008-06-27,0.388291,24.4,16.7,20.6,20.549999999999997,20.6,3.947733155392784,16.10806473015719,0.728185,0.366355,20.018748,-155.692546,Hirako Farm
2008-06-28,0.075974,25.5,17.5,21.5,21.5,21.5,4.117477786112514,16.105191193412608,0.705384,0.368158,20.018748,-155.692546,Hirako Farm
2008-06-29,0.0281435,25.8,16.8,21.3,21.3,21.3,4.344199354796134,16.10215113531315,0.6882630000000001,0.366355,20.018748,-155.692546,Hirako Farm
2008-06-30,0.0,25.3,15.9,20.6,20.6,20.6,4.359335338430609,16.09894033691244,0.6966450000000001,0.366335,20.018748,-155.692546,Hirako Farm
2008-07-01,0.567634,25.1,15.6,20.4,20.35,20.4,4.358719605721616,16.095554034843552,0.7233320000000001,0.364264,20.018748,-155.692546,Hirako Farm
2008-07-02,0.65066,24.5,16.4,20.4,20.45,20.4,4.023864793535186,16.091986928869623,0.7447969999999999,0.349879,20.018748,-155.692546,Hirako Farm
2008-07-03,0.255388,24.3,16.6,20.4,20.450000000000003,20.4,3.922337083928368,16.08823319021681,0.710912,0.36384,20.018748,-155.692546,Hirako Farm
2008-07-04,0.846263,24.6,15.7,20.2,20.15,20.2,4.193805022770239,16.084286470686646,0.678827,0.366301,20.018748,-155.692546,Hirako Farm
2008-07-05,0.517593,25.0,16.0,20.5,20.5,20.5,4.249498574688169,16.08013991254463,0.690503,0.366531,20.018748,-155.692546,Hirako Farm
2008-07-06,0.211071,25.5,16.2,20.8,20.85,20.8,4.352400339660513,16.075786159181217,0.650695,0.364074,20.018748,-155.692546,Hirako Farm
2008-07-07,0.0564779,25.3,15.9,20.6,20.6,20.6,4.351828401831255,16.071217366541116,0.668413,0.375964,20.018748,-155.692546,Hirako Farm
2008-07-08,0.101872,24.7,14.9,19.8,19.8,19.8,4.349586535923895,16.066425215315945,0.7178220000000001,0.375116,20.018748,-155.692546,Hirako Farm
2008-07-09,1.24131,24.6,15.2,19.9,19.9,19.9,4.269888516653906,16.061400923894954,0.802508,0.375116,20.018748,-155.692546,Hirako Farm
2008-07-10,0.167331,24.8,15.3,20.0,20.05,20.0,4.3025156294215,16.056135262067478,0.7040420000000001,0.375116,20.018748,-155.692546,Hirako Farm
2008-07-11,0.0943052,24.8,15.1,20.0,19.95,20.0,4.346075604703695,16.050618565470373,0.6770619999999999,0.379488,20.018748,-155.692546,Hirako Farm
2008-07-12,0.0609377,24.4,15.8,20.1,20.1,20.1,4.1015846827432165,16.044840750772465,0.642796,0.380054,20.018748,-155.692546,Hirako Farm
2008-07-13,0.231668,24.5,14.5,19.5,19.5,19.5,4.351192577642376,16.03879133158754,0.652914,0.380054,20.018748,-155.692546,Hirako Farm
2008-07-14,0.490723,24.1,14.7,19.4,19.4,19.4,4.205666706468099,16.032459435106073,0.7253440000000001,0.379596,20.018748,-155.692546,Hirako Farm
2008-07-15,0.319401,24.1,14.5,19.3,19.3,19.3,4.2369954453374925,16.02583381943512,0.734478,0.37864,20.018748,-155.692546,Hirako Farm
2008-07-16,0.312362,24.0,15.1,19.6,19.55,19.6,4.110808162414903,16.018902891634557,0.6784359999999999,0.37404,20.018748,-155.692546,Hirako Farm
2008-07-17,0.174465,24.2,15.9,20.0,20.05,20.0,4.010466551076169,16.01165472643684,0.7242770000000001,0.372802,20.018748,-155.692546,Hirako Farm
2008-07-18,0.0431919,23.8,16.0,19.9,19.9,19.9,3.8756729524908438,16.004077085636126,0.79067,0.372802,20.018748,-155.692546,Hirako Farm
2008-07-19,0.264093,23.9,15.6,19.8,19.75,19.8,3.9853860567584785,15.99615743813143,0.67013,0.350971,20.018748,-155.692546,Hirako Farm
2008-07-20,0.273434,24.0,16.4,20.2,20.2,20.2,3.852203217660628,15.987882980607283,0.740228,,20.018748,-155.692546,Hirako Farm
2008-07-21,1.46458,25.1,16.1,20.6,20.6,20.6,4.233859604964595,15.979240658833765,0.715035,,20.018748,-155.692546,Hirako Farm
2008-07-22,1.03209,25.5,17.6,21.6,21.55,21.6,4.067695414977343,15.970217189566812,0.713347,0.349626,20.018748,-155.692546,Hirako Farm
2008-07-23,0.639473,25.1,18.3,21.7,21.700000000000003,21.7,3.7812380428792975,15.960799083027922,0.745279,0.346447,20.018748,-155.692546,Hirako Farm
2008-07-24,0.498399,25.0,16.8,20.9,20.9,20.9,4.065677235352464,15.950972665941256,0.664633,0.339613,20.018748,-155.692546,Hirako Farm
2008-07-25,0.89058,24.5,15.9,20.2,20.2,20.2,4.085720969085713,15.94072410510454,0.67196,0.339435,20.018748,-155.692546,Hirako Farm
2008-07-26,0.318272,24.6,16.0,20.3,20.3,20.3,4.0937271017923065,15.930039431468789,0.638024,0.346447,20.018748,-155.692546,Hirako Farm
2008-07-27,0.830463,25.0,16.0,20.5,20.5,20.5,4.206888909313391,15.918904564700465,0.652776,0.346118,20.018748,-155.692546,Hirako Farm
2008-07-28,4.02518,25.0,16.8,20.9,20.9,20.9,4.054547051378596,15.907305338198091,0.7334510000000001,0.346118,20.018748,-155.692546,Hirako Farm
2008-07-29,2.06219,25.0,17.4,21.2,21.2,21.2,3.9306646047599796,15.895227524534118,0.6973600000000001,0.346118,20.018748,-155.692546,Hirako Farm
2008-07-30,0.715834,24.9,16.4,20.6,20.65,20.6,4.08970211860233,15.882656861291222,0.686251,0.346697,20.018748,-155.692546,Hirako Farm
2008-07-31,0.42754,24.6,16.0,20.3,20.3,20.3,4.078189902925393,15.869579077260969,0.674521,0.347089,20.018748,-155.692546,Hirako Farm
2008-08-01,0.0295031,24.1,15.0,19.6,19.55,19.6,4.114463571183043,15.855979918971233,0.660714,0.346697,20.018748,-155.692546,Hirako Farm
2008-08-02,0.0,24.6,15.2,19.9,19.9,19.9,4.211520098811228,15.841845177507613,0.669345,0.346697,20.018748,-155.692546,Hirako Farm
2008-08-03,0.0825263,24.4,15.5,20.0,19.95,20.0,4.105042441252186,15.82716071559261,0.729465,0.347224,20.018748,-155.692546,Hirako Farm
2008-08-04,0.0899041,25.0,15.6,20.3,20.3,20.3,4.2481626934773296,15.81191249488524,0.6794129999999999,0.347002,20.018748,-155.692546,Hirako Farm
2008-08-05,0.103327,25.3,16.6,21.0,20.950000000000003,21.0,4.157848817892692,15.796086603462374,0.641015,,20.018748,-155.692546,Hirako Farm
2008-08-06,0.58042,24.8,16.6,20.7,20.700000000000003,20.7,4.001228822725041,15.779669283442187,0.642161,0.339616,20.018748,-155.692546,Hirako Farm
2008-08-07,1.77123,25.7,16.0,20.8,20.85,20.8,4.358430814891309,15.762646958708743,0.627676,0.339769,20.018748,-155.692546,Hirako Farm
2008-08-08,0.328071,24.5,16.5,20.5,20.5,20.5,3.922965070009654,15.745006262696027,0.681041,0.339506,20.018748,-155.692546,Hirako Farm
2008-08-09,0.0757169,25.0,16.1,20.6,20.55,20.6,4.143741041014091,15.726734066188577,0.6465420000000001,0.344719,20.018748,-155.692546,Hirako Farm
2008-08-10,3.3887,24.9,16.3,20.6,20.6,20.6,4.068404565138085,15.70781750509515,0.6682640000000001,0.344652,20.018748,-155.692546,Hirako Farm
2008-08-11,0.772986,25.0,16.6,20.8,20.8,20.8,4.036724581273179,15.68824400815109,0.662717,0.307553,20.018748,-155.692546,Hirako Farm
2008-08-12,0.255618,24.8,16.1,20.4,20.450000000000003,20.4,4.060358916296332,15.668001324504257,0.674381,0.307392,20.018748,-155.692546,Hirako Farm
2008-08-13,0.185466,24.7,15.0,19.8,19.85,19.8,4.214390585625596,15.647077551139054,0.70504,0.307392,20.018748,-155.692546,Hirako Farm
2008-08-14,0.614089,24.8,17.1,21.0,20.950000000000003,21.0,3.8693477951139386,15.625461160092373,0.7769840000000001,0.307392,20.018748,-155.692546,Hirako Farm
2008-08-15,0.415159,25.5,16.3,20.9,20.9,20.9,4.212546894267989,15.603141025415004,0.6972369999999999,0.307392,20.018748,-155.692546,Hirako Farm
2008-08-16,0.413463,25.2,16.9,21.0,21.049999999999997,21.0,4.005613374063329,15.580106449831911,0.675938,0.307392,20.018748,-155.692546,Hirako Farm
2008-08-17,0.111174,25.1,16.6,20.8,20.85,20.8,4.026541975475076,15.556347191054247,0.643628,0.322684,20.018748,-155.692546,Hirako Farm
2008-08-18,0.69368,24.9,15.6,20.2,20.25,20.2,4.139769800931929,15.531853487696518,0.6615389999999999,0.354255,20.018748,-155.692546,Hirako Farm
2008-08-19,0.251883,24.7,15.7,20.2,20.2,20.2,4.06583473742191,15.506616084751755,0.632971,0.335822,20.018748,-155.692546,Hirako Farm
2008-08-20,0.0255311,24.3,15.5,19.9,19.9,19.9,3.981979758871575,15.480626258578186,0.7055889999999999,0.35498,20.018748,-155.692546,Hirako Farm
2008-08-21,0.509725,25.3,15.5,20.4,20.4,20.4,4.250516002011209,15.453875841351007,0.633162,0.356289,20.018748,-155.692546,Hirako Farm
2008-08-22,0.806115,24.8,16.0,20.4,20.4,20.4,4.020646763670134,15.426357244933323,0.666156,0.356355,20.018748,-155.692546,Hirako Farm
2008-08-23,0.0361997,24.7,14.9,19.8,19.8,19.8,4.1686441577549225,15.398063484120796,0.627152,0.360739,20.018748,-155.692546,Hirako Farm
2008-08-24,0.299743,25.2,14.5,19.8,19.85,19.8,4.347632703510966,15.368988199215405,0.67536,0.360739,20.018748,-155.692546,Hirako Farm
2008-08-25,1.00835,25.9,16.7,21.3,21.299999999999997,21.3,4.184071648673532,15.339125677884162,0.606904,0.36219,20.018748,-155.692546,Hirako Farm
2008-08-26,0.748937,25.7,16.0,20.8,20.85,20.8,4.232849430094897,15.308470876259914,0.676176,0.36219,20.018748,-155.692546,Hirako Farm
2008-08-27,1.64545,25.3,15.6,20.4,20.45,20.4,4.180379384058163,15.277019439242011,0.6931189999999999,0.36219,20.018748,-155.692546,Hirako Farm
2008-08-28,0.529175,24.2,15.6,19.9,19.9,19.9,3.8764949574911354,15.244767719956105,0.669829,0.35371,20.018748,-155.692546,Hirako Farm
2008-08-29,1.66699,24.6,15.2,19.9,19.9,19.9,4.044000775773494,15.211712798333226,0.6606059999999999,0.352186,20.018748,-155.692546,Hirako Farm
2008-08-30,0.686478,24.2,15.6,19.9,19.9,19.9,3.8594795117806777,15.17785249876997,0.7174339999999999,0.352186,20.018748,-155.692546,Hirako Farm
2008-08-31,0.289897,24.5,15.8,20.2,20.15,20.2,3.903806641972973,15.143185406832863,0.6931480000000001,0.353528,20.018748,-155.692546,Hirako Farm
2008-09-01,0.880996,24.7,16.3,20.5,20.5,20.5,3.8571356991804384,15.10771088497169,0.658545,0.353528,20.018748,-155.692546,Hirako Farm
2008-09-02,0.226575,24.8,15.6,20.2,20.2,20.2,3.995395542844134,15.071429087208134,0.6498120000000001,0.352024,20.018748,-155.692546,Hirako Farm
2008-09-03,0.0956009,25.0,15.4,20.2,20.2,20.2,4.071284434434694,15.034340972767971,0.6527419999999999,0.349668,20.018748,-155.692546,Hirako Farm
2008-09-04,0.15341,24.8,15.9,20.3,20.35,20.3,3.920452805592478,14.99644831862681,0.685185,0.34821,20.018748,-155.692546,Hirako Farm
2008-09-05,0.358673,24.4,16.1,20.2,20.25,20.2,3.7663168862398835,14.957753730941409,0.7483299999999999,0.34821,20.018748,-155.692546,Hirako Farm
2008-09-06,0.423349,24.6,15.8,20.2,20.200000000000003,20.2,3.8678619022941714,14.91826065534064,0.689472,0.326334,20.018748,-155.692546,Hirako Farm
2008-09-07,1.4636,24.6,15.3,20.0,19.950000000000003,20.0,3.9446174139729817,14.877973386052254,0.70336,0.325734,20.018748,-155.692546,Hirako Farm
2008-09-08,0.0955737,24.4,15.0,19.7,19.7,19.7,3.9234318603798277,14.836897073843799,0.6369659999999999,0.325734,20.018748,-155.692546,Hirako Farm
2008-09-09,0.134604,24.1,14.2,19.2,19.15,19.2,3.9615326031426528,14.79503773275842,0.6317,0.325684,20.018748,-155.692546,Hirako Farm
2008-09-10,0.486357,23.6,14.7,19.2,19.15,19.2,3.7453060225658366,14.752402245628392,0.698767,0.325684,20.018748,-155.692546,Hirako Farm
2008-09-11,0.0432776,23.9,14.9,19.4,19.4,19.4,3.775505701188552,14.708998368351846,0.6625239999999999,0.326208,20.018748,-155.692546,Hirako Farm
2008-09-12,0.0759591,24.3,14.9,19.6,19.6,19.6,3.8675909740357564,14.664834732920426,0.72571,0.338273,20.018748,-155.692546,Hirako Farm
2008-09-13,0.0396106,24.7,15.7,20.2,20.2,20.2,3.8333432466571233,14.619920849188114,0.687906,0.338289,20.018748,-155.692546,Hirako Farm
2008-09-14,0.0739533,24.3,15.0,19.6,19.65,19.6,3.8232054548618812,14.574267105374103,0.761218,0.338132,20.018748,-155.692546,Hirako Farm
2008-09-15,0.0496956,24.9,15.4,20.2,20.15,20.2,3.9135926680055095,14.527884767294882,0.724688,0.338132,20.018748,-155.692546,Hirako Farm
2008-09-16,1.44305,24.5,14.8,19.6,19.65,19.6,3.879515042377456,14.480785976323551,0.632624,0.338156,20.018748,-155.692546,Hirako Farm
2008-09-17,2.64611,23.6,15.5,19.6,19.55,19.6,3.5334428400391333,14.432983746076701,0.717559,0.338156,20.018748,-155.692546,Hirako Farm
2008-09-18,0.72376,23.9,15.9,19.9,19.9,19.9,3.5278385976461295,14.384491957831958,0.7421460000000001,0.338156,20.018748,-155.692546,Hirako Farm
2008-09-19,0.367901,24.3,16.2,20.2,20.25,20.2,3.565837075607149,14.335325354681707,0.76238,0.338156,20.018748,-155.692546,Hirako Farm
2008-09-20,0.175719,24.8,15.6,20.2,20.2,20.2,3.787047720352674,14.285499534431246,0.664944,0.338156,20.018748,-155.692546,Hirako Farm
2008-09-21,0.0525048,24.9,15.4,20.2,20.15,20.2,3.834702271725735,14.235030941251997,0.6589069999999999,0.338156,20.018748,-155.692546,Hirako Farm
2008-09-22,0.0963595,24.2,15.7,20.0,19.95,20.0,3.5952234510998937,14.18393685610305,0.7087640000000001,0.338347,20.018748,-155.692546,Hirako Farm
2008-09-23,0.253882,24.2,15.3,19.8,19.75,19.8,3.646040988767508,14.132235385936752,0.647774,0.338426,20.018748,-155.692546,Hirako Farm
2008-09-24,0.220882,23.9,15.9,19.9,19.9,19.9,3.453147678965283,14.079945451706486,0.749295,0.338426,20.018748,-155.692546,Hirako Farm
2008-09-25,0.497926,23.7,16.2,20.0,19.95,20.0,3.3397791660903375,14.027086775197231,0.742363,0.351462,20.018748,-155.692546,Hirako Farm
2008-09-26,0.0150933,23.9,16.8,20.3,20.35,20.3,3.2628174435622364,13.973679864701788,0.7458440000000001,0.351418,20.018748,-155.692546,Hirako Farm
2008-09-27,0.0243582,24.4,15.8,20.1,20.1,20.1,3.5583411431961562,13.919745999567926,0.652087,0.351481,20.018748,-155.692546,Hirako Farm
2008-09-28,0.0,24.7,15.6,20.2,20.15,20.2,3.655624888653727,13.865307213643797,0.718262,0.344029,20.018748,-155.692546,Hirako Farm
2008-09-29,0.29144,25.1,15.1,20.1,20.1,20.1,3.806912299278472,13.810386277651197,0.7104649999999999,0.35119,20.018748,-155.692546,Hirako Farm
2008-09-30,0.982094,24.3,16.0,20.2,20.15,20.2,3.463468837838529,13.755006680518322,0.700726,,20.018748,-155.692546,Hirako Farm
2008-10-01,0.772182,24.8,15.8,20.3,20.3,20.3,3.601380745165491,13.699192609705545,0.652364,0.351146,20.018748,-155.692546,Hirako Farm
2008-10-02,0.0343112,24.8,15.9,20.3,20.35,20.3,3.5666188876194873,13.642968930559723,0.7202649999999999,0.351116,20.018748,-155.692546,Hirako Farm
2008-10-03,0.580608,25.1,15.8,20.4,20.450000000000003,20.4,3.6402887071584917,13.586361164734253,0.673121,0.351116,20.018748,-155.692546,Hirako Farm
2008-10-04,0.137076,24.8,16.3,20.6,20.55,20.6,3.483749462759567,13.52939546771379,0.7019240000000001,0.351116,20.018748,-155.692546,Hirako Farm
2008-10-05,0.247568,24.7,15.7,20.2,20.2,20.2,3.5323842543579405,13.472098605484137,0.6633960000000001,0.351116,20.018748,-155.692546,Hirako Farm
2008-10-06,0.0253883,24.8,15.1,20.0,19.95,20.0,3.6322850715569386,13.414497930389192,0.660898,0.354674,20.018748,-155.692546,Hirako Farm
2008-10-07,0.0741305,25.1,15.2,20.2,20.15,20.2,3.673039885467779,13.356621356218312,0.6474139999999999,0.351116,20.018748,-155.692546,Hirako Farm
2008-10-08,0.311563,24.9,15.5,20.2,20.2,20.2,3.5635095740276723,13.298497332568445,0.6767759999999999,0.351116,20.018748,-155.692546,Hirako Farm
2008-10-09,0.481897,25.4,14.4,19.9,19.9,19.9,3.8076637743836534,13.240154818526788,0.619261,0.351183,20.018748,-155.692546,Hirako Farm
2008-10-10,0.929938,24.3,15.8,20.0,20.05,20.0,3.3411655405204432,13.181623255720309,0.703956,0.350462,20.018748,-155.692546,Hirako Farm
2008-10-11,0.198865,24.4,15.6,20.0,20.0,20.0,3.3844793469016565,13.122932540779738,0.651296,0.347845,20.018748,-155.692546,Hirako Farm
2008-10-12,0.0256536,23.7,15.5,19.6,19.6,19.6,3.218001873147724,13.064112997265875,0.6698350000000001,0.351403,20.018748,-155.692546,Hirako Farm
2008-10-13,0.0463711,24.0,14.4,19.2,19.2,19.2,3.429115051958847,13.005195347107124,0.6834229999999999,0.351403,20.018748,-155.692546,Hirako Farm
2008-10-14,0.031784,24.0,15.1,19.6,19.55,19.6,3.3222867322608485,12.946210681597115,0.711399,0.361831,20.018748,-155.692546,Hirako Farm
2008-10-15,0.0,23.3,16.4,19.8,19.85,19.8,2.9275105739151095,12.887190432002,0.802003,0.354178,20.018748,-155.692546,Hirako Farm
2008-10-16,0.0557669,23.9,15.9,19.9,19.9,19.9,3.146145201605525,12.82816633982692,0.666858,0.358473,20.018748,-155.692546,Hirako Farm
2008-10-17,0.379767,23.2,15.9,19.6,19.55,19.6,2.967724292778936,12.769170426791264,0.669487,0.358473,20.018748,-155.692546,Hirako Farm
2008-10-18,0.430571,23.7,16.2,20.0,19.95,20.0,3.026243339837123,12.710234964562263,0.6801990000000001,0.355206,20.018748,-155.692546,Hirako Farm
2008-10-19,0.741253,23.7,16.0,19.8,19.85,19.8,3.0359832504613307,12.65139244429624,0.674293,0.355206,20.018748,-155.692546,Hirako Farm
2008-10-20,0.275276,24.1,15.6,19.8,19.85,19.8,3.1749958179430404,12.592675546036402,0.683805,0.365638,20.018748,-155.692546,Hirako Farm
2008-10-21,0.0302821,24.4,14.9,19.6,19.65,19.6,3.3231885965368773,12.534117108015728,0.723391,0.353559,20.018748,-155.692546,Hirako Farm
2008-10-22,0.0,24.6,15.7,20.2,20.15,20.2,3.252917902850026,12.475750095912717,0.688331,0.361808,20.018748,-155.692546,Hirako Farm
2008-10-23,0.0455992,24.5,15.7,20.1,20.1,20.1,3.2110444167276975,12.417607572107231,0.621346,0.360261,20.018748,-155.692546,Hirako Farm
2008-10-24,0.0168693,24.1,15.0,19.6,19.55,19.6,3.207220803436532,12.35972266498263,0.6842010000000001,0.360171,20.018748,-155.692546,Hirako Farm
2008-10-25,0.0690656,22.8,15.8,19.3,19.3,19.3,2.7773526432712634,12.30212853831955,0.788073,0.371776,20.018748,-155.692546,Hirako Farm
2008-10-26,0.00961539,23.4,14.8,19.1,19.1,19.1,3.047594588219493,12.24485836082563,0.762409,0.371776,20.018748,-155.692546,Hirako Farm
2008-10-27,0.0408813,23.8,14.9,19.3,19.35,19.3,3.1026104042693095,12.187945275844163,0.769361,0.370775,20.018748,-155.692546,Hirako Farm
2008-10-28,0.0639508,24.3,16.6,20.4,20.450000000000003,20.4,2.9576602529990064,12.131422371283541,0.747786,0.348196,20.018748,-155.692546,Hirako Farm
2008-10-29,0.963817,25.3,16.9,21.1,21.1,21.1,3.131236164018772,12.075322649807875,0.647826,0.348196,20.018748,-155.692546,Hirako Farm
2008-10-30,1.8444,24.7,16.7,20.7,20.7,20.7,3.0104154102566163,12.019678999327699,0.716275,0.347969,20.018748,-155.692546,Hirako Farm
2008-10-31,0.874735,24.3,16.0,20.2,20.15,20.2,3.012630786990193,11.964524163828266,0.652394,0.362893,20.018748,-155.692546,Hirako Farm
2008-11-01,0.516751,24.2,15.1,19.7,19.65,19.7,3.098757395826315,11.90989071457103,0.678188,0.366543,20.018748,-155.692546,Hirako Farm
2008-11-02,0.155261,23.5,14.6,19.0,19.05,19.0,2.9936562200990178,11.85581102170251,0.692221,0.366543,20.018748,-155.692546,Hirako Farm
2008-11-03,0.456184,24.5,14.8,19.6,19.65,19.6,3.1619324592750324,11.80231722630276,0.701032,0.36324,20.018748,-155.692546,Hirako Farm
2008-11-04,0.0,24.4,16.3,20.3,20.35,20.3,2.9303030274980575,11.749441212903847,0.71662,0.36324,20.018748,-155.692546,Hirako Farm
2008-11-05,0.0,24.2,15.9,20.0,20.05,20.0,2.9298213473495394,11.697214582507023,0.7316419999999999,0.353161,20.018748,-155.692546,Hirako Farm
2008-11-06,0.00244014,24.8,15.0,19.9,19.9,19.9,3.161161269302172,11.645668626125138,0.641044,0.367685,20.018748,-155.692546,Hirako Farm
2008-11-07,0.433182,24.8,15.0,19.9,19.9,19.9,3.1473625333417674,11.594834298874968,0.640151,0.366331,20.018748,-155.692546,Hirako Farm
2008-11-08,0.708865,24.7,15.3,20.0,20.0,20.0,3.0772855802573,11.544742194642215,0.604976,0.383024,20.018748,-155.692546,Hirako Farm
2008-11-09,0.0314042,23.8,15.1,19.4,19.45,19.4,2.901050847520182,11.495422521339735,0.650609,0.39588,20.018748,-155.692546,Hirako Farm
2008-11-10,0.690003,23.9,14.8,19.4,19.35,19.4,2.9544697894506506,11.446905076777746,0.683368,0.394908,20.018748,-155.692546,Hirako Farm
2008-11-11,0.15451,24.4,14.9,19.6,19.65,19.6,3.022291479489837,11.399219225162431,0.665262,0.380196,20.018748,-155.692546,Hirako Farm
2008-11-12,0.0,23.7,14.9,19.3,19.3,19.3,2.873627905379533,11.352393874237759,0.715314,0.398506,20.018748,-155.692546,Hirako Farm
2008-11-13,0.0750514,23.5,15.9,19.7,19.7,19.7,2.6883911228810273,11.306457453082732,0.7822150000000001,0.398506,20.018748,-155.692546,Hirako Farm
2008-11-14,0.140175,24.0,15.3,19.6,19.65,19.6,2.8572807183233193,11.261437890574841,0.7672969999999999,0.394865,20.018748,-155.692546,Hirako Farm
2008-11-15,0.0828762,24.3,14.6,19.4,19.45,19.4,2.9891478822559656,11.217362594528161,0.72247,0.3656,20.018748,-155.692546,Hirako Farm
2008-11-16,0.267302,23.7,14.6,19.2,19.15,19.2,2.8685932191601906,11.174258431512646,0.7350270000000001,0.376897,20.018748,-155.692546,Hirako Farm
2008-11-17,0.458452,23.6,15.2,19.4,19.4,19.4,2.760511337471729,11.13215170735939,0.672184,0.364902,20.018748,-155.692546,Hirako Farm
2008-11-18,8.68087,23.0,15.0,19.0,19.0,19.0,2.6551803293456953,11.09106814835463,0.6848810000000001,0.364902,20.018748,-155.692546,Hirako Farm
2008-11-19,7.66375,22.6,14.5,18.6,18.55,18.6,2.6331439397805925,11.05103288312353,0.697599,0.370554,20.018748,-155.692546,Hirako Farm
2008-11-20,0.317218,23.3,14.1,18.7,18.7,18.7,2.8040360595904317,11.012070425203072,0.613567,0.370554,20.018748,-155.692546,Hirako Farm
2008-11-21,0.0864958,23.5,15.4,19.4,19.45,19.4,2.6723069450797623,10.974204656301671,0.744748,0.364589,20.018748,-155.692546,Hirako Farm
2008-11-22,0.905997,22.5,15.7,19.1,19.1,19.1,2.420611482201387,10.937458810241566,0.775984,0.335612,20.018748,-155.692546,Hirako Farm
2008-11-23,0.246675,23.5,16.4,20.0,19.95,20.0,2.52551079878451,10.901855457578582,0.681712,0.306674,20.018748,-155.692546,Hirako Farm
2008-11-24,0.0862816,23.4,15.1,19.2,19.25,19.2,2.6643723489868347,10.867416490892435,0.614599,0.297502,20.018748,-155.692546,Hirako Farm
2008-11-25,0.482043,22.6,14.5,18.6,18.55,18.6,2.5814700978045177,10.834163110739377,0.684247,0.306674,20.018748,-155.692546,Hirako Farm
2008-11-26,0.104308,22.2,14.5,18.4,18.35,18.4,2.495689766961422,10.802115812257961,0.706153,0.293526,20.018748,-155.692546,Hirako Farm
2008-11-27,0.0235173,22.8,14.2,18.5,18.5,18.5,2.6372517046149557,10.771294372417398,0.6726390000000001,0.306674,20.018748,-155.692546,Hirako Farm
2008-11-28,0.039724,23.1,14.2,18.6,18.65,18.6,2.6828597081876944,10.741717837897165,0.693359,0.291872,20.018748,-155.692546,Hirako Farm
2008-11-29,0.151461,22.8,13.2,18.0,18.0,18.0,2.733216176142267,10.71340451358566,0.7049120000000001,0.306619,20.018748,-155.692546,Hirako Farm
2008-11-30,0.151211,23.1,14.0,18.6,18.55,18.6,2.698859039318803,10.686371951684823,0.713327,0.306619,20.018748,-155.692546,Hirako Farm
2008-12-01,0.180743,23.7,14.6,19.2,19.15,19.2,2.736739178665095,10.660636941407237,0.7049500000000001,0.360005,20.018748,-155.692546,Hirako Farm
2008-12-02,0.000752593,23.9,14.5,19.2,19.2,19.2,2.7751126354243327,10.636215499251556,0.7398009999999999,0.341579,20.018748,-155.692546,Hirako Farm
2008-12-03,0.0271928,24.4,14.9,19.6,19.65,19.6,2.8138726132466294,10.613122859841914,0.7070789999999999,0.360325,20.018748,-155.692546,Hirako Farm
2008-12-04,0.553756,23.9,14.0,19.0,18.95,19.0,2.820626190429707,10.591373467316634,0.673449,0.360325,20.018748,-155.692546,Hirako Farm
2008-12-05,0.832949,23.5,14.1,18.8,18.8,18.8,2.728274972615898,10.570980967251494,0.623981,0.363897,20.018748,-155.692546,Hirako Farm
2008-12-06,0.117441,23.4,13.4,18.4,18.4,18.4,2.7782381374142924,10.55195819910284,0.65494,0.350952,20.018748,-155.692546,Hirako Farm
2008-12-07,1.06082,23.3,14.1,18.7,18.7,18.7,2.682384340182992,10.534317189156086,0.6750039999999999,0.362815,20.018748,-155.692546,Hirako Farm
2008-12-08,0.192405,22.8,13.8,18.3,18.3,18.3,2.6199458430702895,10.51806914396519,0.702706,0.360764,20.018748,-155.692546,Hirako Farm
2008-12-09,0.0125738,22.1,13.5,17.8,17.8,17.8,2.5220268489750874,10.503224444269444,0.739569,0.360155,20.018748,-155.692546,Hirako Farm
2008-12-10,0.375792,22.2,13.8,18.0,18.0,18.0,2.5033259934004355,10.489792639374096,0.802706,0.360155,20.018748,-155.692546,Hirako Farm
2008-12-11,23.1706,21.7,14.9,18.3,18.3,18.3,2.26860492671306,10.477782441982244,0.820342,0.362831,20.018748,-155.692546,Hirako Farm
2008-12-12,5.50886,23.0,15.5,19.2,19.25,19.2,2.439443622856135,10.467201723465964,0.743184,0.366388,20.018748,-155.692546,Hirako Farm
2008-12-13,0.0370838,22.9,15.3,19.1,19.1,19.1,2.446876353849624,10.458057509565707,0.7875920000000001,0.363683,20.018748,-155.692546,Hirako Farm
2008-12-14,0.099412,22.5,16.7,19.6,19.6,19.6,2.16493329361793,10.450355976507712,0.815975,0.369679,20.018748,-155.692546,Hirako Farm
2008-12-15,0.0964553,22.2,15.7,19.0,18.95,19.0,2.25373814993884,10.444102447530398,0.833477,0.370794,20.018748,-155.692546,Hirako Farm
2008-12-16,0.598071,22.4,14.8,18.6,18.6,18.6,2.4093919331542692,10.439301389811702,0.685497,0.387012,20.018748,-155.692546,Hirako Farm
2008-12-17,0.358385,22.0,14.5,18.2,18.25,18.2,2.3664276166536546,10.435956411790617,0.7753990000000001,0.378196,20.018748,-155.692546,Hirako Farm
2008-12-18,0.0151671,22.6,13.8,18.2,18.200000000000003,18.2,2.5628632270678895,10.434070260877245,0.731946,0.390316,20.018748,-155.692546,Hirako Farm
2008-12-19,0.0690366,22.8,14.3,18.6,18.55,18.6,2.5466820724325054,10.433644821547222,0.7571840000000001,0.390326,20.018748,-155.692546,Hirako Farm
2008-12-20,0.211278,22.9,13.9,18.4,18.4,18.4,2.6063746486093318,10.434681113817488,0.739059,0.390326,20.018748,-155.692546,Hirako Farm
2008-12-21,0.00496661,22.5,13.3,17.9,17.9,17.9,2.599399970887771,10.437179292101897,0.708664,0.391797,20.018748,-155.692546,Hirako Farm
2008-12-22,0.0237657,23.1,13.5,18.3,18.3,18.3,2.6860773646155436,10.441138644446493,0.665475,0.391797,20.018748,-155.692546,Hirako Farm
2008-12-23,0.625388,22.5,13.6,18.0,18.05,18.0,2.566132451759637,10.44655759214565,0.7195189999999999,0.391797,20.018748,-155.692546,Hirako Farm
2008-12-24,2.10481,22.1,14.2,18.2,18.15,18.2,2.43278008020394,10.45343368974177,0.6827209999999999,0.391797,20.018748,-155.692546,Hirako Farm
2008-12-25,9.66862,21.4,14.3,17.8,17.85,17.8,2.2825059148961317,10.461763625412521,0.740031,0.412677,20.018748,-155.692546,Hirako Farm
2008-12-26,15.0664,20.0,14.1,17.0,17.05,17.0,2.0358406203188695,10.471543221751064,0.797661,0.41527,20.018748,-155.692546,Hirako Farm
2008-12-27,0.761947,21.7,13.5,17.6,17.6,17.6,2.4440718848706,10.48276743694598,0.718119,0.450803,20.018748,-155.692546,Hirako Farm
2008-12-28,2.11997,20.7,13.8,17.2,17.25,17.2,2.2193238345878665,10.49543036636891,0.8188599999999999,0.486336,20.018748,-155.692546,Hirako Farm
2008-12-29,0.66501,21.2,14.0,17.6,17.6,17.6,2.2960452562906752,10.509525244579292,0.758316,0.493189,20.018748,-155.692546,Hirako Farm
2008-12-30,5.37238,20.0,14.6,17.3,17.3,17.3,1.9744937844607184,10.525044447756471,0.8456189999999999,0.493189,20.018748,-155.692546,Hirako Farm
2008-12-31,2.05252,19.9,14.2,17.0,17.049999999999997,17.0,2.0144972320943957,10.541979496570972,0.860634,0.493189,20.018748,-155.692546,Hirako Farm
