Date,Rainfall (mm),Tmax (°C),Tmin (°C),Tmean (°C),Tavg (°C),Tmean_final (°C),ET (mm/day),ET2 (mm/day),Ra (mm/day),relative_humidity,Latitude,Longitude,Station
2017-01-01,7.25743,21.1,16.5,18.8,18.8,18.8,1.86902230183211,,10.352056801893687,0.8157040000000001,20.8425,-156.3471,Cabaero Farms
2017-01-02,6.5493,22.5,16.5,19.5,19.5,19.5,2.179316163494399,,10.370697029104244,0.751247,20.8425,-156.3471,Cabaero Farms
2017-01-03,0.438458,23.5,15.5,19.5,19.5,19.5,2.5213259890702244,,10.390760604111405,0.656139,20.8425,-156.3471,Cabaero Farms
2017-01-04,0.0,23.9,14.7,19.3,19.299999999999997,19.3,2.694881595060059,,10.41223662191665,0.658919,20.8425,-156.3471,Cabaero Farms
2017-01-05,0.0,23.3,15.7,19.5,19.5,19.5,2.467974309675707,,10.435113343929228,0.6850499999999999,20.8425,-156.3471,Cabaero Farms
2017-01-06,0.0257514,23.2,16.3,19.8,19.75,19.8,2.3759981236127223,,10.459378202732497,0.635926,20.8425,-156.3471,Cabaero Farms
2017-01-07,0.110141,22.6,15.8,19.2,19.200000000000003,19.2,2.3267685706132704,,10.485017807349113,0.624771,20.8425,-156.3471,Cabaero Farms
2017-01-08,0.0158871,23.3,15.4,19.3,19.35,19.3,2.521165671237168,,10.512017949023171,0.590901,20.8425,-156.3471,Cabaero Farms
2017-01-09,0.0,24.3,15.6,20.0,19.95,20.0,2.7029303513489404,,10.540363607537904,0.644037,20.8425,-156.3471,Cabaero Farms
2017-01-10,0.32948,24.3,15.8,20.0,20.05,20.0,2.679203406408614,,10.570038958087588,0.608394,20.8425,-156.3471,Cabaero Farms
2017-01-11,0.00145816,25.3,16.4,20.8,20.85,20.8,2.807747829256647,,10.601027378722502,0.669663,20.8425,-156.3471,Cabaero Farms
2017-01-12,0.0,25.2,17.5,21.4,21.35,21.4,2.6602827631888664,,10.633311458385574,0.69687,20.8425,-156.3471,Cabaero Farms
2017-01-13,0.0,25.3,16.9,21.1,21.1,21.1,2.7660129240964015,,10.666873005559204,0.687211,20.8425,-156.3471,Cabaero Farms
2017-01-14,0.0,25.8,17.1,21.4,21.450000000000003,21.4,2.84594183558187,,10.701693057540393,0.6187210000000001,20.8425,-156.3471,Cabaero Farms
2017-01-15,0.0,25.3,17.5,21.4,21.4,21.4,2.7038000341316866,,10.737751890361727,0.6409090000000001,20.8425,-156.3471,Cabaero Farms
2017-01-16,0.00153031,25.3,17.3,21.3,21.3,21.3,2.7407412469887578,,10.775029029375208,0.619068,20.8425,-156.3471,Cabaero Farms
2017-01-17,0.0367334,24.8,17.2,21.0,21.0,21.0,2.6603132240980525,,10.813503260515073,0.6642950000000001,20.8425,-156.3471,Cabaero Farms
2017-01-18,1.94514,25.1,17.4,21.2,21.25,21.2,2.7014299890957956,,10.853152642254882,0.645116,20.8425,-156.3471,Cabaero Farms
2017-01-19,0.601063,25.1,18.2,21.7,21.65,21.7,2.599770639815871,,10.893954518273057,0.6206349999999999,20.8425,-156.3471,Cabaero Farms
2017-01-20,0.0228319,24.1,16.7,20.4,20.4,20.4,2.6137317563224474,,10.93588553083993,0.639415,20.8425,-156.3471,Cabaero Farms
2017-01-21,0.886587,23.3,17.5,20.4,20.4,20.4,2.3230838247777608,,10.97892163493801,0.689554,20.8425,-156.3471,Cabaero Farms
2017-01-22,4.97544,23.4,16.7,20.0,20.049999999999997,20.0,2.480609178120814,,11.023038113125821,0.593241,20.8425,-156.3471,Cabaero Farms
2017-01-23,0.0647453,24.3,16.1,20.2,20.200000000000003,20.2,2.7701018244088726,,11.068209591154103,0.683981,20.8425,-156.3471,Cabaero Farms
2017-01-24,0.571154,23.5,16.2,19.8,19.85,19.8,2.59694963224596,,11.114410054341567,0.7698149999999999,20.8425,-156.3471,Cabaero Farms
2017-01-25,0.899818,24.2,16.9,20.6,20.549999999999997,20.6,2.663467768349721,,11.161612864715611,0.605582,20.8425,-156.3471,Cabaero Farms
2017-01-26,0.775843,24.6,15.8,20.2,20.200000000000003,20.2,2.906365808198827,,11.20979077892173,0.583156,20.8425,-156.3471,Cabaero Farms
2017-01-27,0.0,24.6,16.2,20.4,20.4,20.4,2.8669981959246154,,11.258915966903254,0.604565,20.8425,-156.3471,Cabaero Farms
2017-01-28,0.0694395,24.0,15.6,19.8,19.8,19.8,2.8345099976973467,,11.308960031351264,0.632063,20.8425,-156.3471,Cabaero Farms
2017-01-29,9.51995,22.6,16.5,19.6,19.55,19.6,2.413451833214194,,11.359894027922381,0.648307,20.8425,-156.3471,Cabaero Farms
2017-01-30,0.936023,21.6,15.5,18.6,18.55,18.6,2.359630738663983,,11.411688486220045,0.640061,20.8425,-156.3471,Cabaero Farms
2017-01-31,9.16358,22.0,16.3,19.2,19.15,19.2,2.329244287113137,,11.464313431532803,0.547488,20.8425,-156.3471,Cabaero Farms
2017-02-01,0.0,23.0,14.6,18.8,18.8,18.8,2.8100611775271975,,11.51773840732086,0.543138,20.8425,-156.3471,Cabaero Farms
2017-02-02,0.0,23.5,14.3,18.9,18.9,18.9,2.9627411232331506,,11.571932498439999,0.550906,20.8425,-156.3471,Cabaero Farms
2017-02-03,0.0,23.9,14.6,19.2,19.25,19.2,3.017405239716958,,11.62686435508962,0.630338,20.8425,-156.3471,Cabaero Farms
2017-02-04,0.0,24.7,15.3,20.0,20.0,20.0,3.114005926596358,,11.682502217469526,0.627138,20.8425,-156.3471,Cabaero Farms
2017-02-05,0.0412301,25.1,17.8,21.4,21.450000000000003,21.4,2.859562230798963,,11.73881394112767,0.627926,20.8425,-156.3471,Cabaero Farms
2017-02-06,6.31691,25.1,18.1,21.6,21.6,21.6,2.828129318906258,,11.795767022978906,0.6953400000000001,20.8425,-156.3471,Cabaero Farms
2017-02-07,22.0716,24.3,17.4,20.8,20.85,20.8,2.76426714060708,,11.853328627972495,0.643855,20.8425,-156.3471,Cabaero Farms
2017-02-08,1.4183,23.6,16.3,20.0,19.950000000000003,20.0,2.797990704610409,,11.911465616383843,0.606661,20.8425,-156.3471,Cabaero Farms
2017-02-09,0.0239841,23.3,14.5,18.9,18.9,18.9,2.997330493678662,,11.970144571703798,0.615031,20.8425,-156.3471,Cabaero Farms
2017-02-10,0.0,23.4,15.1,19.2,19.25,19.2,2.9492399715325703,,12.029331829096595,0.661958,20.8425,-156.3471,Cabaero Farms
2017-02-11,1.21872,23.1,18.4,20.8,20.75,20.8,2.3267740624480275,,12.088993504395443,0.7288089999999999,20.8425,-156.3471,Cabaero Farms
2017-02-12,8.5318,24.5,18.6,21.6,21.55,21.6,2.6742007755929964,,12.149095523602663,0.710603,20.8425,-156.3471,Cabaero Farms
2017-02-13,0.195523,25.3,19.0,22.2,22.15,22.2,2.8194192992634064,,12.209603652859247,0.6548430000000001,20.8425,-156.3471,Cabaero Farms
2017-02-14,0.0,24.8,19.4,22.1,22.1,22.1,2.6167322591006164,,12.270483528846748,0.722842,20.8425,-156.3471,Cabaero Farms
2017-02-15,0.483311,25.3,20.3,22.8,22.8,22.8,2.574908772855786,,12.331700689582568,0.70209,20.8425,-156.3471,Cabaero Farms
2017-02-16,3.30286,24.9,19.3,22.1,22.1,22.1,2.6914041989608246,,12.393220605567919,0.732143,20.8425,-156.3471,Cabaero Farms
2017-02-17,0.324682,25.6,18.2,21.9,21.9,21.9,3.0937002917190592,,12.455008711245924,0.733177,20.8425,-156.3471,Cabaero Farms
2017-02-18,0.142406,26.2,17.8,22.0,22.0,22.0,3.320869881609106,,12.517030436725832,0.6725279999999999,20.8425,-156.3471,Cabaero Farms
2017-02-19,2.59455,23.6,17.8,20.7,20.700000000000003,20.7,2.6826088529795777,,12.579251239727835,0.6411969999999999,20.8425,-156.3471,Cabaero Farms
2017-02-20,0.318593,23.4,17.7,20.6,20.549999999999997,20.6,2.6656295327301276,,12.641636637701312,0.583938,20.8425,-156.3471,Cabaero Farms
2017-02-21,0.367888,22.8,16.8,19.8,19.8,19.8,2.6911443633304653,,12.704152240068495,0.604681,20.8425,-156.3471,Cabaero Farms
2017-02-22,0.204461,23.1,17.5,20.3,20.3,20.3,2.647449276460003,,12.766763780543785,0.600944,20.8425,-156.3471,Cabaero Farms
2017-02-23,0.0,23.3,17.2,20.2,20.25,20.2,2.7693889413060164,,12.829437149478599,0.57237,20.8425,-156.3471,Cabaero Farms
2017-02-24,0.0,23.1,16.1,19.6,19.6,19.6,2.9340899121831696,,12.892138426179972,0.58131,20.8425,-156.3471,Cabaero Farms
2017-02-25,0.494795,22.1,15.3,18.7,18.700000000000003,18.7,2.8360050919027087,,12.954833911150963,0.638112,20.8425,-156.3471,Cabaero Farms
2017-02-26,0.539638,23.9,15.7,19.8,19.799999999999997,19.8,3.223664711281449,,13.0174901581999,0.629628,20.8425,-156.3471,Cabaero Farms
2017-02-27,0.433884,24.2,16.1,20.2,20.15,20.2,3.2535998792904697,,13.0800740063651,0.663768,20.8425,-156.3471,Cabaero Farms
2017-02-28,3.0774,22.9,18.3,20.6,20.6,20.6,2.4895319281989097,,13.142552611601355,0.7364029999999999,20.8425,-156.3471,Cabaero Farms
2017-03-01,5.04795,22.0,17.0,19.5,19.5,19.5,2.5331247146592277,,13.204893478174128,0.785555,20.8425,-156.3471,Cabaero Farms
2017-03-02,34.7496,24.2,17.4,20.8,20.799999999999997,20.8,3.071456983105209,,13.267064489707506,0.7458929999999999,20.8425,-156.3471,Cabaero Farms
2017-03-03,4.78705,25.3,17.3,21.3,21.3,21.3,3.390379088707512,,13.329033939831808,0.679504,20.8425,-156.3471,Cabaero Farms
2017-03-04,0.334502,25.6,18.2,21.9,21.9,21.9,3.3261342288555378,,13.390770562377082,0.68702,20.8425,-156.3471,Cabaero Farms
2017-03-05,2.8901,25.5,18.4,22.0,21.95,22.0,3.2812158770146205,,13.452243561059086,0.719845,20.8425,-156.3471,Cabaero Farms
2017-03-06,1.96788,25.3,17.1,21.2,21.200000000000003,21.2,3.471080845217953,,13.513422638604753,0.66349,20.8425,-156.3471,Cabaero Farms
2017-03-07,1.0372,24.7,16.2,20.4,20.45,20.4,3.477101768241226,,13.574278025264872,0.654192,20.8425,-156.3471,Cabaero Farms
2017-03-08,2.69636,23.3,16.5,19.9,19.9,19.9,3.082987711106549,,13.634780506662521,0.708792,20.8425,-156.3471,Cabaero Farms
2017-03-09,1.77164,24.0,17.5,20.8,20.75,20.8,3.0997789905368798,,13.694901450926661,0.706115,20.8425,-156.3471,Cabaero Farms
2017-03-10,0.324794,24.6,16.3,20.4,20.450000000000003,20.4,3.4815979301650684,,13.754612835061367,0.726601,20.8425,-156.3471,Cabaero Farms
2017-03-11,0.0,26.0,17.2,21.6,21.6,21.6,3.7134818149601463,,13.813887270502542,0.686051,20.8425,-156.3471,Cabaero Farms
2017-03-12,0.0355786,26.5,17.9,22.2,22.2,22.2,3.7428117645373726,,13.872698027815124,0.6746639999999999,20.8425,-156.3471,Cabaero Farms
2017-03-13,0.0,26.0,17.3,21.6,21.65,21.6,3.7236304284772896,,13.931019060485383,0.682273,20.8425,-156.3471,Cabaero Farms
2017-03-14,0.108288,26.2,17.6,21.9,21.9,21.9,3.7458364076069515,,13.988825027764507,0.676156,20.8425,-156.3471,Cabaero Farms
2017-03-15,0.0,26.0,16.9,21.4,21.45,21.4,3.8202350665599494,,14.046091316521451,0.651601,20.8425,-156.3471,Cabaero Farms
2017-03-16,0.0263381,25.8,16.5,21.2,21.15,21.2,3.857794427555744,,14.102794062064783,0.6498529999999999,20.8425,-156.3471,Cabaero Farms
2017-03-17,2.86555,24.4,17.2,20.8,20.799999999999997,20.8,3.3729601891028222,,14.158910167895277,0.6828749999999999,20.8425,-156.3471,Cabaero Farms
2017-03-18,0.111759,25.1,16.9,21.0,21.0,21.0,3.6324157463059814,,14.214417324353205,0.650538,20.8425,-156.3471,Cabaero Farms
2017-03-19,0.00539321,25.5,17.9,21.7,21.7,21.7,3.5738326708199923,,14.269294026126227,0.59509,20.8425,-156.3471,Cabaero Farms
2017-03-20,0.196439,26.2,18.7,22.4,22.45,22.4,3.6268890235039946,,14.323519588586217,0.658466,20.8425,-156.3471,Cabaero Farms
2017-03-21,0.00175011,26.4,19.0,22.7,22.7,22.7,3.643084394765101,,14.377074162925778,0.6059329999999999,20.8425,-156.3471,Cabaero Farms
2017-03-22,0.0,26.1,18.5,22.3,22.3,22.3,3.6689643547032644,,14.429938750067345,0.600099,20.8425,-156.3471,Cabaero Farms
2017-03-23,0.0177908,26.5,18.6,22.6,22.55,22.6,3.7822840841122125,,14.48209521332077,0.637069,20.8425,-156.3471,Cabaero Farms
2017-03-24,0.0784914,25.8,18.8,22.3,22.3,22.3,3.5464368358041956,,14.533526289767362,0.700479,20.8425,-156.3471,Cabaero Farms
2017-03-25,0.116793,26.2,17.9,22.0,22.049999999999997,22.0,3.84621033231248,,14.5842156003514,0.612199,20.8425,-156.3471,Cabaero Farms
2017-03-26,0.00684236,25.8,19.1,22.4,22.450000000000003,22.4,3.502343378944454,,14.63414765866257,0.597126,20.8425,-156.3471,Cabaero Farms
2017-03-27,0.0586173,26.4,17.2,21.8,21.799999999999997,21.8,4.056400623078641,,14.683307878395693,0.5871179999999999,20.8425,-156.3471,Cabaero Farms
2017-03-28,0.0205097,25.9,17.6,21.8,21.75,21.8,3.865577820479182,,14.731682579476722,0.6014430000000001,20.8425,-156.3471,Cabaero Farms
2017-03-29,0.0203228,26.3,18.0,22.2,22.15,22.2,3.917234162304488,,14.779258992846932,0.613793,20.8425,-156.3471,Cabaero Farms
2017-03-30,0.0212342,26.1,18.8,22.4,22.450000000000003,22.4,3.703736273962216,,14.826025263899894,0.624665,20.8425,-156.3471,Cabaero Farms
2017-03-31,0.210831,26.7,18.1,22.4,22.4,22.4,4.03247449032226,,14.871970454568809,0.575769,20.8425,-156.3471,Cabaero Farms
2017-04-01,0.0043888,26.0,19.4,22.7,22.7,22.7,3.569758021383519,,14.917084544064393,0.603826,20.8425,-156.3471,Cabaero Farms
2017-04-02,0.0135696,26.0,19.3,22.6,22.65,22.6,3.5984678749132724,,14.961358428266552,0.57906,20.8425,-156.3471,Cabaero Farms
2017-04-03,0.0608779,26.6,19.0,22.8,22.8,22.8,3.8626949456427226,,15.004783917775635,0.577565,20.8425,-156.3471,Cabaero Farms
2017-04-04,0.211341,26.8,18.6,22.7,22.700000000000003,22.7,4.013746278965544,,15.047353734632042,0.583952,20.8425,-156.3471,Cabaero Farms
2017-04-05,2.14022,26.8,18.0,22.4,22.4,22.4,4.138638124030905,,15.089061507715588,0.61354,20.8425,-156.3471,Cabaero Farms
2017-04-06,0.0680614,26.5,17.8,22.2,22.15,22.2,4.105665487424803,,15.12990176683861,0.580582,20.8425,-156.3471,Cabaero Farms
2017-04-07,0.0612789,26.6,17.8,22.2,22.200000000000003,22.2,4.140101805929013,,15.169869935549784,0.57513,20.8425,-156.3471,Cabaero Farms
2017-04-08,0.0,27.1,18.6,22.8,22.85,22.8,4.140596555098617,,15.208962322667785,0.607278,20.8425,-156.3471,Cabaero Farms
2017-04-09,0.315223,27.4,17.8,22.6,22.6,22.6,4.389693869767012,,15.247176112566747,0.607827,20.8425,-156.3471,Cabaero Farms
2017-04-10,0.137065,26.4,17.5,22.0,21.95,22.0,4.174047754857361,,15.284509354237882,0.638754,20.8425,-156.3471,Cabaero Farms
2017-04-11,1.22431,26.0,18.3,22.2,22.15,22.2,3.911282596421597,,15.32096094915379,0.6290140000000001,20.8425,-156.3471,Cabaero Farms
2017-04-12,0.0,25.9,18.2,22.0,22.049999999999997,22.0,3.9007613536054513,,15.356530637964562,0.6501309999999999,20.8425,-156.3471,Cabaero Farms
2017-04-13,0.626601,26.1,18.6,22.4,22.35,22.4,3.89724347103613,,15.391218986056817,0.668793,20.8425,-156.3471,Cabaero Farms
2017-04-14,5.19435,26.4,18.3,22.3,22.35,22.3,4.048933662163414,,15.425027368008852,0.697102,20.8425,-156.3471,Cabaero Farms
2017-04-15,3.76116,26.0,17.9,22.0,21.95,22.0,4.027221707284881,,15.457957950977278,0.679277,20.8425,-156.3471,Cabaero Farms
2017-04-16,0.22031,26.2,17.1,21.7,21.65,21.7,4.245192898229618,,15.490013677052202,0.648208,20.8425,-156.3471,Cabaero Farms
2017-04-17,6.4218,24.4,17.4,20.9,20.9,20.9,3.655216176150744,,15.521198244619914,0.677511,20.8425,-156.3471,Cabaero Farms
2017-04-18,0.829482,24.6,17.0,20.8,20.8,20.8,3.80622687000977,,15.55151608877368,0.671671,20.8425,-156.3471,Cabaero Farms
2017-04-19,0.208149,26.2,17.1,21.7,21.65,21.7,4.2701210336329405,,15.580972360814703,0.7232550000000001,20.8425,-156.3471,Cabaero Farms
2017-04-20,1.70334,25.9,18.9,22.4,22.4,22.4,3.8185099765594286,,15.60957290688688,0.712442,20.8425,-156.3471,Cabaero Farms
2017-04-21,24.8192,26.0,19.3,22.6,22.65,22.6,3.7610494540232495,,15.63732424579009,0.7235330000000001,20.8425,-156.3471,Cabaero Farms
2017-04-22,6.40736,26.2,19.4,22.8,22.799999999999997,22.8,3.8143230780988304,,15.664233546018083,0.669718,20.8425,-156.3471,Cabaero Farms
2017-04-23,0.170709,26.6,19.5,23.0,23.05,23.0,3.9232741700880225,,15.69030860206799,0.653602,20.8425,-156.3471,Cabaero Farms
2017-04-24,0.0114252,26.8,19.2,23.0,23.0,23.0,4.065599513900753,,15.715557810069289,0.577529,20.8425,-156.3471,Cabaero Farms
2017-04-25,0.294199,26.3,18.1,22.2,22.200000000000003,22.2,4.1466674681981415,,15.739990142781066,0.6001879999999999,20.8425,-156.3471,Cabaero Farms
2017-04-26,0.434003,26.2,18.3,22.2,22.25,22.2,4.076216060663456,,15.763615124006792,0.636725,20.8425,-156.3471,Cabaero Farms
2017-04-27,1.25776,26.3,17.6,22.0,21.950000000000003,22.0,4.262406003042525,,15.786442802476456,0.661717,20.8425,-156.3471,Cabaero Farms
2017-04-28,1.05367,26.2,17.5,21.8,21.85,21.8,4.246908114083147,,15.808483725246306,0.682642,20.8425,-156.3471,Cabaero Farms
2017-04-29,7.13818,22.3,16.5,19.4,19.4,19.4,3.2618110442181742,,15.8297489106666,0.7188859999999999,20.8425,-156.3471,Cabaero Farms
2017-04-30,76.958,20.0,15.2,17.6,17.6,17.6,2.8274037417077444,,15.850249820967838,0.8565989999999999,20.8425,-156.3471,Cabaero Farms
2017-05-01,7.98961,25.4,17.5,21.4,21.45,21.4,4.021650538488028,,15.86999833451616,0.7393949999999999,20.8425,-156.3471,Cabaero Farms
2017-05-02,12.3443,27.1,19.5,23.3,23.3,23.3,4.140694625922618,,15.889006717788098,0.6848829999999999,20.8425,-156.3471,Cabaero Farms
2017-05-03,0.258952,26.6,18.7,22.7,22.65,22.7,4.164784532818306,,15.907287597114882,0.681046,20.8425,-156.3471,Cabaero Farms
2017-05-04,0.0831142,26.1,19.6,22.8,22.85,22.8,3.791281270555786,,15.924853930245975,0.669172,20.8425,-156.3471,Cabaero Farms
2017-05-05,0.0441896,26.3,19.3,22.8,22.8,22.8,3.9385651944828446,,15.941718977781031,0.653212,20.8425,-156.3471,Cabaero Farms
2017-05-06,0.039835,26.4,18.8,22.6,22.6,22.6,4.0878187855314,,15.957896274518845,0.643153,20.8425,-156.3471,Cabaero Farms
2017-05-07,0.00990454,26.2,18.5,22.4,22.35,22.4,4.098232641665515,,15.973399600771133,0.670741,20.8425,-156.3471,Cabaero Farms
2017-05-08,0.177028,25.8,18.9,22.3,22.35,22.3,3.8734458864728807,,15.988242953688168,0.716626,20.8425,-156.3471,Cabaero Farms
2017-05-09,3.59777,25.5,18.0,21.8,21.75,21.8,3.9915343885326258,,16.002440518642285,0.7408790000000001,20.8425,-156.3471,Cabaero Farms
2017-05-10,5.4283,25.3,19.5,22.4,22.4,22.4,3.5663349205965544,,16.016006640714387,0.664366,20.8425,-156.3471,Cabaero Farms
2017-05-11,0.0310838,26.0,18.4,22.2,22.2,22.2,4.0653679098068185,,16.028955796327317,0.63855,20.8425,-156.3471,Cabaero Farms
2017-05-12,0.9248,25.9,18.9,22.4,22.4,22.4,3.924122347684403,,16.04130256506886,0.6368469999999999,20.8425,-156.3471,Cabaero Farms
2017-05-13,2.15968,26.1,19.4,22.8,22.75,22.8,3.8801556125053684,,16.05306160174581,0.6410250000000001,20.8425,-156.3471,Cabaero Farms
2017-05-14,4.38486,25.4,19.6,22.5,22.5,22.5,3.58597509093497,,16.064247608709326,0.667087,20.8425,-156.3471,Cabaero Farms
2017-05-15,2.77086,25.4,19.7,22.6,22.549999999999997,22.6,3.5661059479112884,,16.074875308490146,0.6801600000000001,20.8425,-156.3471,Cabaero Farms
2017-05-16,0.628247,25.8,19.7,22.8,22.75,22.8,3.709699714258525,,16.084959416781114,0.627241,20.8425,-156.3471,Cabaero Farms
2017-05-17,0.319295,25.5,18.6,22.0,22.05,22.0,3.8700211374049887,,16.094514615802602,0.6478879999999999,20.8425,-156.3471,Cabaero Farms
2017-05-18,0.0,26.1,17.3,21.7,21.700000000000003,21.7,4.339983145001939,,16.10355552808528,0.66459,20.8425,-156.3471,Cabaero Farms
2017-05-19,0.0,25.8,17.3,21.6,21.55,21.6,4.256822879612105,,16.11209669070263,0.661787,20.8425,-156.3471,Cabaero Farms
2017-05-20,1.10677,25.8,17.8,21.8,21.8,21.8,4.152763151181388,,16.120152529984487,0.663492,20.8425,-156.3471,Cabaero Farms
2017-05-21,0.804831,25.7,17.8,21.8,21.75,21.8,4.128668457245378,,16.127737336740886,0.6781570000000001,20.8425,-156.3471,Cabaero Farms
2017-05-22,1.64326,25.8,18.9,22.3,22.35,22.3,3.9089678322717454,,16.134865242024084,0.630637,20.8425,-156.3471,Cabaero Farms
2017-05-23,3.48819,25.8,19.0,22.4,22.4,22.4,3.8918275347347024,,16.141550193454954,0.637547,20.8425,-156.3471,Cabaero Farms
2017-05-24,1.16442,25.7,18.9,22.3,22.299999999999997,22.3,3.883650916997675,,16.14780593213814,0.637296,20.8425,-156.3471,Cabaero Farms
2017-05-25,0.265092,26.4,18.1,22.2,22.25,22.2,4.281514646358329,,16.153645970189157,0.628372,20.8425,-156.3471,Cabaero Farms
2017-05-26,0.034739,26.3,17.1,21.7,21.700000000000003,21.7,4.452824435863682,,16.15908356889446,0.606308,20.8425,-156.3471,Cabaero Farms
2017-05-27,0.0,26.1,17.0,21.6,21.55,21.6,4.418726635295508,,16.164131717524462,0.639455,20.8425,-156.3471,Cabaero Farms
2017-05-28,0.193367,26.4,18.1,22.2,22.25,22.2,4.285532038362604,,16.168803112817574,0.660936,20.8425,-156.3471,Cabaero Farms
2017-05-29,0.0,27.4,18.2,22.8,22.799999999999997,22.8,4.580799965204619,,16.173110139151994,0.6548,20.8425,-156.3471,Cabaero Farms
2017-05-30,0.122344,27.3,19.1,23.2,23.200000000000003,23.2,4.368359232239357,,16.17706484942048,0.6551349999999999,20.8425,-156.3471,Cabaero Farms
2017-05-31,0.229413,26.8,20.1,23.4,23.450000000000003,23.4,3.9687998187945968,,16.1806789466219,0.6359400000000001,20.8425,-156.3471,Cabaero Farms
2017-06-01,0.0115713,27.1,19.6,23.4,23.35,23.4,4.199915775247985,,16.183963766182064,0.619417,20.8425,-156.3471,Cabaero Farms
2017-06-02,0.0,27.5,19.9,23.7,23.7,23.7,4.259388210127292,,16.18693025901489,0.592715,20.8425,-156.3471,Cabaero Farms
2017-06-03,0.230327,26.7,20.6,23.7,23.65,23.7,3.8166002391158926,,16.1895889753339,0.645538,20.8425,-156.3471,Cabaero Farms
2017-06-04,0.141409,27.3,21.0,24.2,24.15,24.2,3.925966202296564,,16.19195004922275,0.667701,20.8425,-156.3471,Cabaero Farms
2017-06-05,0.111743,27.3,20.4,23.8,23.85,23.8,4.070056786948355,,16.19402318397235,0.645349,20.8425,-156.3471,Cabaero Farms
2017-06-06,0.517241,27.2,20.1,23.7,23.65,23.7,4.119153584654729,,16.195817638191272,0.606237,20.8425,-156.3471,Cabaero Farms
2017-06-07,0.0469032,27.3,20.3,23.8,23.8,23.8,4.100284057313556,,16.197342212694966,0.61918,20.8425,-156.3471,Cabaero Farms
2017-06-08,0.0130121,27.6,20.4,24.0,24.0,24.0,4.178765377266716,,16.198605238178576,0.615914,20.8425,-156.3471,Cabaero Farms
2017-06-09,0.198739,27.8,20.1,24.0,23.950000000000003,24.0,4.321695480095181,,16.199614563677216,0.645663,20.8425,-156.3471,Cabaero Farms
2017-06-10,0.671495,26.7,20.2,23.4,23.45,23.4,3.91387423365228,,16.20037754581695,0.720556,20.8425,-156.3471,Cabaero Farms
2017-06-11,0.183091,26.8,21.0,23.9,23.9,23.9,3.7421143724464314,,16.20090103885887,0.712525,20.8425,-156.3471,Cabaero Farms
2017-06-12,0.556969,26.9,20.9,23.9,23.9,23.9,3.8061549848045697,,16.201191385538277,0.726263,20.8425,-156.3471,Cabaero Farms
2017-06-13,0.479431,27.3,20.9,24.1,24.1,24.1,3.949848951045771,,16.201254408700247,0.6772410000000001,20.8425,-156.3471,Cabaero Farms
2017-06-14,0.801361,27.3,20.7,24.0,24.0,24.0,4.0014782904874115,,16.20109540373261,0.688703,20.8425,-156.3471,Cabaero Farms
2017-06-15,0.746706,27.2,20.6,23.9,23.9,23.9,3.991812663546109,,16.2007191317967,0.629026,20.8425,-156.3471,Cabaero Farms
2017-06-16,0.0,27.7,20.0,23.8,23.85,23.8,4.301154310844596,,16.20012981385617,0.6493030000000001,20.8425,-156.3471,Cabaero Farms
2017-06-17,0.110137,27.6,20.3,24.0,23.950000000000003,24.0,4.207873067435547,,16.19933112550374,0.648222,20.8425,-156.3471,Cabaero Farms
2017-06-18,0.0428407,27.3,20.7,24.0,24.0,24.0,4.000794328199,,16.198326192585455,0.654285,20.8425,-156.3471,Cabaero Farms
2017-06-19,0.0,27.5,20.2,23.8,23.85,23.8,4.187167474882618,,16.197117587622078,0.6199049999999999,20.8425,-156.3471,Cabaero Farms
2017-06-20,0.194042,27.5,19.6,23.6,23.55,23.6,4.3345263040190005,,16.195707327026707,0.661906,20.8425,-156.3471,Cabaero Farms
2017-06-21,0.255527,27.7,19.7,23.7,23.7,23.7,4.37197489059161,,16.19409686911808,0.6183270000000001,20.8425,-156.3471,Cabaero Farms
2017-06-22,0.206329,27.7,20.0,23.8,23.85,23.8,4.299072064140929,,16.19228711292846,0.604151,20.8425,-156.3471,Cabaero Farms
2017-06-23,0.023347,27.4,19.9,23.6,23.65,23.6,4.221950386873956,,16.19027839780528,0.660692,20.8425,-156.3471,Cabaero Farms
2017-06-24,0.0,27.5,19.8,23.6,23.65,23.6,4.277289315843517,,16.188070503805427,0.653937,20.8425,-156.3471,Cabaero Farms
2017-06-25,0.0,28.1,19.0,23.6,23.55,23.6,4.6492120819233165,,16.185662652881245,0.633004,20.8425,-156.3471,Cabaero Farms
2017-06-26,0.0,27.7,20.1,23.9,23.9,23.9,4.278890348211749,,16.18305351085696,0.620652,20.8425,-156.3471,Cabaero Farms
2017-06-27,0.00288515,28.2,21.3,24.8,24.75,24.8,4.1643475855990335,,16.180241190194547,0.60333,20.8425,-156.3471,Cabaero Farms
2017-06-28,0.0,27.3,21.2,24.2,24.25,24.2,3.859633106211987,,16.17722325354758,0.546295,20.8425,-156.3471,Cabaero Farms
2017-06-29,1.34209,26.5,20.1,23.3,23.3,23.3,3.8679156584391086,,16.173996718102007,0.597271,20.8425,-156.3471,Cabaero Farms
2017-06-30,2.36372,27.1,20.1,23.6,23.6,23.6,4.073823463567864,,16.17055806070208,0.5836480000000001,20.8425,-156.3471,Cabaero Farms
2017-07-01,1.76972,26.9,19.7,23.3,23.299999999999997,23.3,4.100744817563634,,16.16690322376011,0.662265,20.8425,-156.3471,Cabaero Farms
2017-07-02,1.18493,27.4,20.1,23.8,23.75,23.8,4.178354771343371,,16.163027621948082,0.652518,20.8425,-156.3471,Cabaero Farms
2017-07-03,0.388665,28.3,20.9,24.6,24.6,24.6,4.286689711442315,,16.15892614966917,0.610104,20.8425,-156.3471,Cabaero Farms
2017-07-04,0.0267237,28.7,21.2,25.0,24.95,25.0,4.3551013147939255,,16.15459318930679,0.584489,20.8425,-156.3471,Cabaero Farms
2017-07-05,0.0,28.2,21.0,24.6,24.6,24.6,4.226034865955128,,16.150022620248627,0.5842860000000001,20.8425,-156.3471,Cabaero Farms
2017-07-06,0.164399,27.8,20.4,24.1,24.1,24.1,4.232542802315502,,16.14520782868246,0.636954,20.8425,-156.3471,Cabaero Farms
2017-07-07,0.201168,27.9,20.1,24.0,24.0,24.0,4.333699189994744,,16.140141718160386,0.5703320000000001,20.8425,-156.3471,Cabaero Farms
2017-07-08,0.0,27.9,19.9,23.9,23.9,23.9,4.376963459768867,,16.13481672092742,0.62207,20.8425,-156.3471,Cabaero Farms
2017-07-09,0.0,28.2,20.4,24.3,24.299999999999997,24.3,4.3618500186807925,,16.129224810009777,0.580709,20.8425,-156.3471,Cabaero Farms
2017-07-10,0.0,28.0,20.0,24.0,24.0,24.0,4.384343729834151,,16.12335751205767,0.5966859999999999,20.8425,-156.3471,Cabaero Farms
2017-07-11,0.0187456,28.5,20.0,24.2,24.25,24.2,4.53916891112756,,16.117205920936627,0.6558350000000001,20.8425,-156.3471,Cabaero Farms
2017-07-12,0.233876,28.2,21.1,24.7,24.65,24.7,4.196256120386664,,16.110760712060532,0.6876340000000001,20.8425,-156.3471,Cabaero Farms
2017-07-13,1.03385,29.0,21.7,25.4,25.35,25.4,4.323217672273744,,16.104012157458797,0.630958,20.8425,-156.3471,Cabaero Farms
2017-07-14,0.0756202,28.5,21.7,25.1,25.1,25.1,4.141743348299574,,16.09695014156914,0.5926870000000001,20.8425,-156.3471,Cabaero Farms
2017-07-15,0.0,28.3,20.9,24.6,24.6,24.6,4.2682891538401035,,16.089564177746357,0.606411,20.8425,-156.3471,Cabaero Farms
2017-07-16,0.249457,27.9,20.4,24.2,24.15,24.2,4.254451602223073,,16.081843425476695,0.628108,20.8425,-156.3471,Cabaero Farms
2017-07-17,0.423553,27.8,20.5,24.2,24.15,24.2,4.195236875702748,,16.073776708285802,0.6375139999999999,20.8425,-156.3471,Cabaero Farms
2017-07-18,1.09287,28.0,20.8,24.4,24.4,24.4,4.184049319997599,,16.065352532327772,0.609427,20.8425,-156.3471,Cabaero Farms
2017-07-19,0.638708,27.7,21.0,24.4,24.35,24.4,4.033946839386202,,16.056559105640922,0.652008,20.8425,-156.3471,Cabaero Farms
2017-07-20,0.283837,27.6,21.6,24.6,24.6,24.6,3.8333067379642793,,16.04738435805501,0.604527,20.8425,-156.3471,Cabaero Farms
2017-07-21,0.593356,27.7,20.8,24.2,24.25,24.2,4.0695547653952024,,16.037815961733294,0.621171,20.8425,-156.3471,Cabaero Farms
2017-07-22,1.91256,28.0,21.5,24.8,24.75,24.8,4.003770252240846,,16.027841352331233,0.658164,20.8425,-156.3471,Cabaero Farms
2017-07-23,1.0791,28.4,21.6,25.0,25.0,25.0,4.1116806621217625,,16.017447750752574,0.6554059999999999,20.8425,-156.3471,Cabaero Farms
2017-07-24,3.39406,28.5,21.5,25.0,25.0,25.0,4.168888878347993,,16.006622185481795,0.7401949999999999,20.8425,-156.3471,Cabaero Farms
2017-07-25,0.693275,28.4,21.6,25.0,25.0,25.0,4.106008556007993,,15.995351515470734,0.617324,20.8425,-156.3471,Cabaero Farms
2017-07-26,0.396885,28.2,21.8,25.0,25.0,25.0,3.980492451113184,,15.983622453555594,0.609792,20.8425,-156.3471,Cabaero Farms
2017-07-27,0.503713,28.0,20.9,24.4,24.45,24.4,4.130598995093789,,15.971421590379004,0.639491,20.8425,-156.3471,Cabaero Farms
2017-07-28,0.327894,27.6,21.0,24.3,24.3,24.3,3.969907376729542,,15.958735418790608,0.706758,20.8425,-156.3471,Cabaero Farms
2017-07-29,0.628533,28.3,21.6,25.0,24.950000000000003,25.0,4.0630158809472405,,15.945550358697782,0.6531659999999999,20.8425,-156.3471,Cabaero Farms
2017-07-30,0.262229,28.3,20.2,24.2,24.25,24.2,4.380119109536468,,15.931852782337002,0.595054,20.8425,-156.3471,Cabaero Farms
2017-07-31,0.00389515,28.4,20.2,24.3,24.299999999999997,24.3,4.413623032312935,,15.917629039934656,0.573484,20.8425,-156.3471,Cabaero Farms
2017-08-01,0.524572,28.3,19.7,24.0,24.0,24.0,4.483619289229536,,15.902865485724837,0.623085,20.8425,-156.3471,Cabaero Farms
2017-08-02,0.00149012,28.7,19.8,24.2,24.25,24.2,4.57856115330424,,15.887548504290146,0.638759,20.8425,-156.3471,Cabaero Farms
2017-08-03,0.2794,28.6,19.9,24.2,24.25,24.2,4.522298534297737,,15.871664537190366,0.636439,20.8425,-156.3471,Cabaero Farms
2017-08-04,0.0283094,28.9,20.7,24.8,24.799999999999997,24.8,4.448525546992758,,15.855200109842198,0.587328,20.8425,-156.3471,Cabaero Farms
2017-08-05,0.0,28.6,21.8,25.2,25.200000000000003,25.2,4.084651196844895,,15.838141858612454,0.541486,20.8425,-156.3471,Cabaero Farms
2017-08-06,0.0,28.5,21.0,24.8,24.75,24.8,4.245097098670968,,15.82047655808548,0.57217,20.8425,-156.3471,Cabaero Farms
2017-08-07,0.0,28.4,20.9,24.6,24.65,24.6,4.220283589791023,,15.80219114846474,0.594093,20.8425,-156.3471,Cabaero Farms
2017-08-08,0.0,28.7,20.2,24.4,24.45,24.4,4.466288900023065,,15.783272763067124,0.5726910000000001,20.8425,-156.3471,Cabaero Farms
2017-08-09,0.10828,28.6,20.7,24.7,24.65,24.7,4.3310052893710616,,15.763708755867912,0.610263,20.8425,-156.3471,Cabaero Farms
2017-08-10,0.152246,28.6,20.5,24.6,24.55,24.6,4.369554137007541,,15.743486729053037,0.563105,20.8425,-156.3471,Cabaero Farms
2017-08-11,0.195309,28.3,20.7,24.5,24.5,24.5,4.216957411252154,,15.722594560534665,0.597928,20.8425,-156.3471,Cabaero Farms
2017-08-12,0.783127,28.2,21.1,24.7,24.65,24.7,4.089533961744886,,15.701020431385333,0.554825,20.8425,-156.3471,Cabaero Farms
2017-08-13,0.542635,28.4,20.8,24.6,24.6,24.6,4.215139993919475,,15.678752853145193,0.601696,20.8425,-156.3471,Cabaero Farms
2017-08-14,0.0798063,28.0,20.2,24.1,24.1,24.1,4.213702690079485,,15.65578069495636,0.6256470000000001,20.8425,-156.3471,Cabaero Farms
2017-08-15,0.0954733,28.4,20.5,24.4,24.45,24.4,4.264527983895606,,15.63209321047794,0.585413,20.8425,-156.3471,Cabaero Farms
2017-08-16,0.122371,27.8,20.8,24.3,24.3,24.3,3.998501892562859,,15.607680064534941,0.610451,20.8425,-156.3471,Cabaero Farms
2017-08-17,0.0290093,28.6,20.4,24.5,24.5,24.5,4.341233434872212,,15.582531359454112,0.577556,20.8425,-156.3471,Cabaero Farms
2017-08-18,0.0,28.4,20.2,24.3,24.299999999999997,24.3,4.313527731664749,,15.55663766103939,0.58156,20.8425,-156.3471,Cabaero Farms
2017-08-19,2.33795,28.0,20.5,24.2,24.25,24.2,4.108458787506964,,15.529990024140016,0.656296,20.8425,-156.3471,Cabaero Farms
2017-08-20,0.925089,28.6,20.5,24.6,24.55,24.6,4.302691253641129,,15.502580017764128,0.6670969999999999,20.8425,-156.3471,Cabaero Farms
2017-08-21,5.44995,29.2,21.8,25.5,25.5,25.5,4.192232920185571,,15.474399749691008,0.6758620000000001,20.8425,-156.3471,Cabaero Farms
2017-08-22,1.73887,28.6,21.9,25.2,25.25,25.2,3.9539760176633783,,15.445441890535637,0.686666,20.8425,-156.3471,Cabaero Farms
2017-08-23,0.0872344,27.7,21.8,24.8,24.75,24.8,3.6688223450532758,,15.415699697219331,0.6248819999999999,20.8425,-156.3471,Cabaero Farms
2017-08-24,0.0647626,27.8,20.7,24.2,24.25,24.2,3.960121553132153,,15.385167035801242,0.590768,20.8425,-156.3471,Cabaero Farms
2017-08-25,0.236839,28.3,20.6,24.4,24.450000000000003,24.4,4.135258042764687,,15.353838403625884,0.566194,20.8425,-156.3471,Cabaero Farms
2017-08-26,0.144373,28.2,20.9,24.6,24.549999999999997,24.6,4.0370332924608086,,15.321708950742781,0.57745,20.8425,-156.3471,Cabaero Farms
2017-08-27,0.0,28.5,19.8,24.2,24.15,24.2,4.356216221245161,,15.288774500555391,0.584635,20.8425,-156.3471,Cabaero Farms
2017-08-28,0.0562724,28.9,21.3,25.1,25.1,25.1,4.149588535116998,,15.255031569657326,0.6492640000000001,20.8425,-156.3471,Cabaero Farms
2017-08-29,0.153419,28.5,21.7,25.1,25.1,25.1,3.916227013214878,,15.220477386815242,0.696046,20.8425,-156.3471,Cabaero Farms
2017-08-30,0.0241309,28.5,21.4,25.0,24.95,25.0,3.9830771553207063,,15.185109911058946,0.641301,20.8425,-156.3471,Cabaero Farms
2017-08-31,0.258497,28.3,20.7,24.5,24.5,24.5,4.0630942506807814,,15.148927848840794,0.606512,20.8425,-156.3471,Cabaero Farms
2017-09-01,0.0,28.7,19.8,24.2,24.25,24.2,4.355039337846758,,15.111930670227823,0.614099,20.8425,-156.3471,Cabaero Farms
2017-09-02,0.0883734,28.4,20.1,24.2,24.25,24.2,4.195155866270257,,15.074118624091899,0.637439,20.8425,-156.3471,Cabaero Farms
2017-09-03,0.0,28.4,19.6,24.0,24.0,24.0,4.288082373441685,,15.035492752264599,0.614872,20.8425,-156.3471,Cabaero Farms
2017-09-04,0.0,28.4,18.9,23.6,23.65,23.6,4.40115842246569,,14.99605490262569,0.627001,20.8425,-156.3471,Cabaero Farms
2017-09-05,0.0,28.5,19.3,23.9,23.9,23.9,4.350785558029415,,14.955807741095763,0.610532,20.8425,-156.3471,Cabaero Farms
2017-09-06,0.00139816,28.5,19.5,24.0,24.0,24.0,4.301713568601858,,14.914754762505579,0.607866,20.8425,-156.3471,Cabaero Farms
2017-09-07,0.222375,29.1,20.5,24.8,24.8,24.8,4.273486412091119,,14.872900300317035,0.597762,20.8425,-156.3471,Cabaero Farms
2017-09-08,0.519642,28.5,20.6,24.6,24.55,24.6,4.064954575151054,,14.830249535172461,0.6065659999999999,20.8425,-156.3471,Cabaero Farms
2017-09-09,0.69055,28.4,21.3,24.8,24.85,24.8,3.8604777882149004,,14.786808502251485,0.648932,20.8425,-156.3471,Cabaero Farms
2017-09-10,0.170649,28.3,20.4,24.3,24.35,24.3,4.012334123541993,,14.742584097416918,0.655062,20.8425,-156.3471,Cabaero Farms
2017-09-11,0.0,28.2,20.1,24.2,24.15,24.2,4.0407835662116955,,14.697584082133382,0.685831,20.8425,-156.3471,Cabaero Farms
2017-09-12,0.0318406,28.1,20.1,24.1,24.1,24.1,3.993726690949828,,14.651817087145034,0.67703,20.8425,-156.3471,Cabaero Farms
2017-09-13,1.27656,28.7,20.5,24.6,24.6,24.6,4.0785978054853596,,14.605292614901003,0.638333,20.8425,-156.3471,Cabaero Farms
2017-09-14,1.81832,28.4,20.8,24.6,24.6,24.6,3.9138378731921666,,14.558021040719835,0.668015,20.8425,-156.3471,Cabaero Farms
2017-09-15,0.13848,28.7,19.9,24.3,24.299999999999997,24.3,4.167917249295025,,14.510013612686562,0.62686,20.8425,-156.3471,Cabaero Farms
2017-09-16,0.0,28.6,21.1,24.8,24.85,24.8,3.880385521090106,,14.461282450278897,0.575366,20.8425,-156.3471,Cabaero Farms
2017-09-17,0.81126,28.4,21.1,24.8,24.75,24.8,3.815208820206549,,14.411840541721334,0.5621670000000001,20.8425,-156.3471,Cabaero Farms
2017-09-18,0.869371,28.1,20.8,24.4,24.450000000000003,24.4,3.76623677967367,,14.361701740068677,0.584216,20.8425,-156.3471,Cabaero Farms
2017-09-19,0.422539,28.5,20.6,24.6,24.55,24.6,3.9225961824714943,,14.31088075802309,0.5661010000000001,20.8425,-156.3471,Cabaero Farms
2017-09-20,0.442853,28.1,20.6,24.4,24.35,24.4,3.7902858334658887,,14.259393161491424,0.61462,20.8425,-156.3471,Cabaero Farms
2017-09-21,2.33809,28.5,20.7,24.6,24.6,24.6,3.869467296710298,,14.207255361891916,0.588098,20.8425,-156.3471,Cabaero Farms
2017-09-22,0.0225376,28.0,20.3,24.2,24.15,24.2,3.7941679352713176,,14.154484607222317,0.593905,20.8425,-156.3471,Cabaero Farms
2017-09-23,0.0544205,28.0,20.4,24.2,24.2,24.2,3.755232953468348,,14.101098971903525,0.582528,20.8425,-156.3471,Cabaero Farms
2017-09-24,0.0,28.2,19.8,24.0,24.0,24.0,3.9140914752369964,,14.047117345415845,0.590926,20.8425,-156.3471,Cabaero Farms
2017-09-25,0.00614631,28.1,18.8,23.4,23.450000000000003,23.4,4.043558085906262,,13.992559419746913,0.610333,20.8425,-156.3471,Cabaero Farms
2017-09-26,0.0,28.0,19.5,23.8,23.75,23.8,3.8878886410062443,,13.937445675673127,0.626205,20.8425,-156.3471,Cabaero Farms
2017-09-27,0.225959,28.6,20.2,24.4,24.4,24.4,3.9050412943729724,,13.8817973678986,0.618597,20.8425,-156.3471,Cabaero Farms
2017-09-28,0.375044,28.0,19.8,23.9,23.9,23.9,3.79713424694604,,13.82563650907787,0.5816060000000001,20.8425,-156.3471,Cabaero Farms
2017-09-29,0.0685785,27.9,20.0,24.0,23.95,24.0,3.720656846027137,,13.76898585275096,0.649575,20.8425,-156.3471,Cabaero Farms
2017-09-30,1.52319,28.6,20.1,24.4,24.35,24.4,3.880131115726342,,13.711868875221342,0.6565059999999999,20.8425,-156.3471,Cabaero Farms
2017-10-01,0.0,28.6,19.9,24.2,24.25,24.2,3.8905097101547645,,13.654309756409539,0.6416289999999999,20.8425,-156.3471,Cabaero Farms
2017-10-02,0.07748,28.3,19.8,24.0,24.05,24.0,3.810968726409617,,13.596333359717041,0.6602840000000001,20.8425,-156.3471,Cabaero Farms
2017-10-03,0.805586,28.1,19.9,24.0,24.0,24.0,3.7270432948368653,,13.537965210936838,0.634579,20.8425,-156.3471,Cabaero Farms
2017-10-04,1.26833,28.2,21.1,24.7,24.65,24.7,3.510840275715589,,13.47923147624901,0.586838,20.8425,-156.3471,Cabaero Farms
2017-10-05,0.909222,28.0,21.0,24.5,24.5,24.5,3.4544179584217876,,13.420158939341162,0.575551,20.8425,-156.3471,Cabaero Farms
2017-10-06,2.18108,27.8,20.2,24.0,24.0,24.0,3.5411356503009537,,13.360774977695097,0.636271,20.8425,-156.3471,Cabaero Farms
2017-10-07,0.919331,27.2,19.5,23.4,23.35,23.4,3.497503995831234,,13.301107538082611,0.684314,20.8425,-156.3471,Cabaero Farms
2017-10-08,0.506147,27.0,19.3,23.2,23.15,23.2,3.4648458070027526,,13.241185111314557,0.6896899999999999,20.8425,-156.3471,Cabaero Farms
2017-10-09,0.0,27.2,20.2,23.7,23.7,23.7,3.328698974267133,,13.181036706288443,0.688126,20.8425,-156.3471,Cabaero Farms
2017-10-10,0.029124,27.1,19.5,23.3,23.3,23.3,3.419268371297123,,13.120691823380955,0.670201,20.8425,-156.3471,Cabaero Farms
2017-10-11,0.736783,27.6,19.8,23.7,23.700000000000003,23.7,3.481548190020471,,13.060180427232714,0.6689790000000001,20.8425,-156.3471,Cabaero Farms
2017-10-12,3.00383,27.6,20.2,23.9,23.9,23.9,3.391622431849983,,12.999532918973339,0.704833,20.8425,-156.3471,Cabaero Farms
2017-10-13,0.880723,28.1,20.9,24.5,24.5,24.5,3.377752186519548,,12.93878010793548,0.6752790000000001,20.8425,-156.3471,Cabaero Farms
2017-10-14,0.334395,28.5,21.2,24.8,24.85,24.8,3.4091468350208762,,12.877953182907271,0.656118,20.8425,-156.3471,Cabaero Farms
2017-10-15,2.60043,27.4,20.9,24.2,24.15,24.2,3.156625238669846,,12.81708368297263,0.602061,20.8425,-156.3471,Cabaero Farms
2017-10-16,2.09918,26.5,19.8,23.2,23.15,23.2,3.1136553000018035,,12.756203467989467,0.5837319999999999,20.8425,-156.3471,Cabaero Farms
2017-10-17,2.69661,25.6,19.9,22.8,22.75,22.8,2.8303216552784933,,12.695344688755812,0.601677,20.8425,-156.3471,Cabaero Farms
2017-10-18,0.912836,25.9,19.8,22.8,22.85,22.8,2.9139239529017575,,12.634539756913826,0.63574,20.8425,-156.3471,Cabaero Farms
2017-10-19,1.04252,26.0,19.8,22.9,22.9,22.9,2.930794543681803,,12.573821314641615,0.629842,20.8425,-156.3471,Cabaero Farms
2017-10-20,1.26411,26.2,20.4,23.3,23.299999999999997,23.3,2.8487399845112447,,12.51322220418238,0.644173,20.8425,-156.3471,Cabaero Farms
2017-10-21,1.33697,26.8,20.1,23.4,23.450000000000003,23.4,3.0544189809294746,,12.452775437260144,0.6563110000000001,20.8425,-156.3471,Cabaero Farms
2017-10-22,5.35892,28.1,18.9,23.5,23.5,23.5,3.570517987640448,,12.39251416443063,0.634919,20.8425,-156.3471,Cabaero Farms
2017-10-23,1.67505,27.4,19.6,23.5,23.5,23.5,3.271713865947429,,12.332471644415252,0.7309269999999999,20.8425,-156.3471,Cabaero Farms
2017-10-24,77.9988,25.9,19.0,22.4,22.45,22.4,2.980697394195802,,12.272681213465475,0.7378279999999999,20.8425,-156.3471,Cabaero Farms
2017-10-25,10.44,23.6,18.7,21.2,21.15,21.2,2.4250411236763205,,12.213176254803711,0.825972,20.8425,-156.3471,Cabaero Farms
2017-10-26,3.73989,24.0,18.7,21.4,21.35,21.4,2.5227296905372594,,12.153990168186038,0.735557,20.8425,-156.3471,Cabaero Farms
2017-10-27,0.372717,25.6,18.1,21.8,21.85,21.8,3.016929349499686,,12.095156339630837,0.718266,20.8425,-156.3471,Cabaero Farms
2017-10-28,0.0581329,25.7,17.6,21.7,21.65,21.7,3.1122549772325825,,12.036708111356258,0.724965,20.8425,-156.3471,Cabaero Farms
2017-10-29,1.01904e-05,26.1,18.0,22.0,22.05,22.0,3.1207741182571582,,11.97867875196791,0.702336,20.8425,-156.3471,Cabaero Farms
2017-10-30,0.00532488,26.6,18.1,22.4,22.35,22.4,3.213510586745332,,11.921101426937007,0.694731,20.8425,-156.3471,Cabaero Farms
2017-10-31,2.97576,27.5,20.0,23.8,23.75,23.8,3.1087319166643548,,11.86400916940731,0.728403,20.8425,-156.3471,Cabaero Farms
2017-11-01,0.0668389,27.8,20.1,24.0,23.950000000000003,24.0,3.149959996152672,,11.807434851368011,0.7108620000000001,20.8425,-156.3471,Cabaero Farms
2017-11-02,0.0500229,27.4,19.5,23.4,23.45,23.4,3.1298867185517394,,11.751411155227549,0.621086,20.8425,-156.3471,Cabaero Farms
2017-11-03,0.0,27.1,19.9,23.5,23.5,23.5,2.981126477352995,,11.695970545821988,0.6571389999999999,20.8425,-156.3471,Cabaero Farms
2017-11-04,0.109573,26.3,20.1,23.2,23.200000000000003,23.2,2.7334003475848325,,11.641145242889431,0.688252,20.8425,-156.3471,Cabaero Farms
2017-11-05,2.03576,25.6,19.5,22.6,22.55,22.6,2.6591564893785873,,11.586967194040257,0.64074,20.8425,-156.3471,Cabaero Farms
2017-11-06,0.0711388,26.2,18.8,22.5,22.5,22.5,2.9080954629217755,,11.533468048250892,0.6253,20.8425,-156.3471,Cabaero Farms
2017-11-07,0.0,26.2,17.7,22.0,21.95,22.0,3.0639942792483863,,11.480679129906912,0.68462,20.8425,-156.3471,Cabaero Farms
2017-11-08,1.12856,25.8,19.0,22.4,22.4,22.4,2.755513682763488,,11.428631413419183,0.6976739999999999,20.8425,-156.3471,Cabaero Farms
2017-11-09,0.0,26.4,18.8,22.6,22.6,22.6,2.9144548088355533,,11.377355498434719,0.644192,20.8425,-156.3471,Cabaero Farms
2017-11-10,0.0,25.3,18.6,22.0,21.950000000000003,22.0,2.6838526586989775,,11.326881585661834,0.712638,20.8425,-156.3471,Cabaero Farms
2017-11-11,6.79337,25.2,20.4,22.8,22.799999999999997,22.8,2.307157751431666,,11.277239453327088,0.7864960000000001,20.8425,-156.3471,Cabaero Farms
2017-11-12,0.922043,25.3,19.7,22.5,22.5,22.5,2.4629014323726626,,11.22845843427939,0.7512820000000001,20.8425,-156.3471,Cabaero Farms
2017-11-13,0.0,25.5,18.1,21.8,21.8,21.8,2.7701464242457408,,11.18056739375464,0.692196,20.8425,-156.3471,Cabaero Farms
2017-11-14,1.18141,25.2,18.8,22.0,22.0,22.0,2.578316945132106,,11.133594707811943,0.66464,20.8425,-156.3471,Cabaero Farms
2017-11-15,6.06823,24.3,18.1,21.2,21.200000000000003,21.2,2.476421658594207,,11.087568242450681,0.6427039999999999,20.8425,-156.3471,Cabaero Farms
2017-11-16,3.08952,24.2,18.0,21.1,21.1,21.1,2.4600350398206494,,11.042515333415524,0.634262,20.8425,-156.3471,Cabaero Farms
2017-11-17,0.581406,24.2,16.4,20.3,20.299999999999997,20.3,2.691733762793912,,10.998462766694345,0.667026,20.8425,-156.3471,Cabaero Farms
2017-11-18,0.412055,24.5,16.4,20.4,20.45,20.4,2.739450166723723,,10.955436759712384,0.637973,20.8425,-156.3471,Cabaero Farms
2017-11-19,0.556462,23.3,16.5,19.9,19.9,19.9,2.4676651100569136,,10.913462943223651,0.6470090000000001,20.8425,-156.3471,Cabaero Farms
2017-11-20,1.31011,23.6,15.0,19.3,19.3,19.3,2.7207149163298374,,10.872566343899168,0.623951,20.8425,-156.3471,Cabaero Farms
2017-11-21,0.384251,23.8,16.1,20.0,19.950000000000003,20.0,2.61339211015311,,10.832771367609553,0.633796,20.8425,-156.3471,Cabaero Farms
2017-11-22,5.80155,23.3,15.9,19.6,19.6,19.6,2.5258165643212975,,10.794101783397828,0.634415,20.8425,-156.3471,Cabaero Farms
2017-11-23,11.1676,22.6,17.4,20.0,20.0,20.0,2.1325319561055003,,10.756580708136843,0.6921550000000001,20.8425,-156.3471,Cabaero Farms
2017-11-24,2.17647,22.9,16.9,19.9,19.9,19.9,2.276926116614833,,10.720230591864006,0.62949,20.8425,-156.3471,Cabaero Farms
2017-11-25,3.7671,22.1,16.8,19.4,19.450000000000003,19.4,2.1046806708928734,,10.685073203784697,0.698252,20.8425,-156.3471,Cabaero Farms
2017-11-26,3.17933,23.1,17.8,20.4,20.450000000000003,20.4,2.1543923763793864,,10.651129618934357,0.673934,20.8425,-156.3471,Cabaero Farms
2017-11-27,3.87878,22.6,18.5,20.6,20.55,20.6,1.8989384862614642,,10.6184202054881,0.766289,20.8425,-156.3471,Cabaero Farms
2017-11-28,2.35569,23.4,18.8,21.1,21.1,21.1,2.031551399045777,,10.586964612705508,0.803976,20.8425,-156.3471,Cabaero Farms
2017-11-29,1.65756,24.6,19.4,22.0,22.0,22.0,2.2036576394978358,,10.556781759497351,0.757389,20.8425,-156.3471,Cabaero Farms
2017-11-30,1.65663,24.6,20.2,22.4,22.4,22.4,2.0418393003972115,,10.527889823600116,0.7522220000000001,20.8425,-156.3471,Cabaero Farms
2017-12-01,12.6962,24.8,20.0,22.4,22.4,22.4,2.1270439952056077,,10.50030623134348,0.7249890000000001,20.8425,-156.3471,Cabaero Farms
2017-12-02,10.7337,22.5,19.1,20.8,20.8,20.8,1.7146249715959399,,10.47404764799526,0.7298220000000001,20.8425,-156.3471,Cabaero Farms
2017-12-03,4.95642,22.9,17.9,20.4,20.4,20.4,2.052845817490925,,10.449129968667961,0.617235,20.8425,-156.3471,Cabaero Farms
2017-12-04,0.265183,24.4,16.6,20.5,20.5,20.5,2.564918969570592,,10.425568309770672,0.5661419999999999,20.8425,-156.3471,Cabaero Farms
2017-12-05,0.526317,22.6,16.3,19.4,19.450000000000003,19.4,2.234165738470018,,10.403377000989822,0.550168,20.8425,-156.3471,Cabaero Farms
2017-12-06,0.000298732,22.9,14.7,18.8,18.799999999999997,18.8,2.5027686008227636,,10.382569577782467,0.5724199999999999,20.8425,-156.3471,Cabaero Farms
2017-12-07,0.0,23.2,13.7,18.4,18.45,18.4,2.6594410082813926,,10.363158774365495,0.623259,20.8425,-156.3471,Cabaero Farms
2017-12-08,0.00113698,23.8,14.7,19.2,19.25,19.2,2.6557508060362425,,10.345156517184737,0.64005,20.8425,-156.3471,Cabaero Farms
2017-12-09,0.0,24.2,15.6,19.9,19.9,19.9,2.6263873251460885,,10.328573918848058,0.6739830000000001,20.8425,-156.3471,Cabaero Farms
2017-12-10,1.49627,23.2,17.3,20.2,20.25,20.2,2.18947603619012,,10.3134212725071,0.739374,20.8425,-156.3471,Cabaero Farms
2017-12-11,0.891667,24.3,16.0,20.2,20.15,20.2,2.593435153253005,,10.299708046672844,0.693942,20.8425,-156.3471,Cabaero Farms
2017-12-12,3.8368,24.7,18.1,21.4,21.4,21.4,2.3828313629903386,,10.287442880451096,0.652736,20.8425,-156.3471,Cabaero Farms
2017-12-13,1.04713,23.8,17.6,20.7,20.700000000000003,20.7,2.265871526473801,,10.276633579184457,0.624351,20.8425,-156.3471,Cabaero Farms
2017-12-14,4.7835,22.2,15.7,19.0,18.95,19.0,2.2155830789227347,,10.267287110488775,0.6421250000000001,20.8425,-156.3471,Cabaero Farms
2017-12-15,8.2417,21.4,15.3,18.4,18.35,18.4,2.109714526141483,,10.2594096006726,0.6594599999999999,20.8425,-156.3471,Cabaero Farms
2017-12-16,2.00631,22.0,15.4,18.7,18.7,18.7,2.2112807936020444,,10.253006331529757,0.7246429999999999,20.8425,-156.3471,Cabaero Farms
2017-12-17,1.00511,24.0,15.6,19.8,19.8,19.8,2.5686084362861794,,10.248081737496022,0.7227809999999999,20.8425,-156.3471,Cabaero Farms
2017-12-18,0.297132,24.4,17.2,20.8,20.799999999999997,20.8,2.4404958043262632,,10.244639403162406,0.7264010000000001,20.8425,-156.3471,Cabaero Farms
2017-12-19,0.763012,23.0,19.1,21.0,21.05,21.0,1.8051178355358826,,10.242682061138774,0.7997320000000001,20.8425,-156.3471,Cabaero Farms
2017-12-20,26.3965,21.3,17.0,19.2,19.15,19.2,1.8074135399435405,,10.242211590263077,0.816408,20.8425,-156.3471,Cabaero Farms
2017-12-21,39.6852,20.7,16.6,18.7,18.65,18.7,1.7412034197517163,,10.243229014152766,0.768574,20.8425,-156.3471,Cabaero Farms
2017-12-22,5.38579,22.3,16.6,19.4,19.450000000000003,19.4,2.092913606568929,,10.245734500096585,0.6812659999999999,20.8425,-156.3471,Cabaero Farms
2017-12-23,2.00427,22.9,16.3,19.6,19.6,19.6,2.265080907230804,,10.249727358286478,0.6529240000000001,20.8425,-156.3471,Cabaero Farms
2017-12-24,0.0,23.7,15.6,19.7,19.65,19.7,2.517363920916934,,10.25520604139066,0.6409739999999999,20.8425,-156.3471,Cabaero Farms
2017-12-25,0.0,23.9,15.8,19.8,19.85,19.8,2.525790448704368,,10.26216814447077,0.657784,20.8425,-156.3471,Cabaero Farms
2017-12-26,1.03389,24.1,15.6,19.8,19.85,19.8,2.58953269820773,,10.270610405247202,0.740591,20.8425,-156.3471,Cabaero Farms
2017-12-27,10.8393,24.0,16.7,20.4,20.35,20.4,2.44043968725867,,10.280528704718444,0.740194,20.8425,-156.3471,Cabaero Farms
2017-12-28,0.936429,24.1,15.7,19.9,19.9,19.9,2.5864563260889204,,10.291918068141628,0.699919,20.8425,-156.3471,Cabaero Farms
2017-12-29,0.706518,23.1,16.6,19.8,19.85,19.8,2.2720128039461844,,10.30477266638285,0.747874,20.8425,-156.3471,Cabaero Farms
2017-12-30,0.623771,23.3,16.1,19.7,19.700000000000003,19.7,2.3881773561300426,,10.319085817647341,0.643342,20.8425,-156.3471,Cabaero Farms
2017-12-31,0.0,22.6,15.6,19.1,19.1,19.1,2.32063799974131,,10.334849989600698,0.6333850000000001,20.8425,-156.3471,Cabaero Farms
