Date,Rainfall (mm),Tmax (°C),Tmin (°C),ET (mm/day),Ra (mm/day),relative_humidity,Latitude,Longitude,Station
2008-01-01,6.11443,25.9,19.8,2.344665290194043,10.15377535799356,72.3663,21.6958,-158.0053,Kuilima Farms
2008-01-02,1.39432,24.8,19.8,2.097945064938815,10.172715555162963,78.292,21.6958,-158.0053,Kuilima Farms
2008-01-03,2.75185,24.5,19.2,2.140008597446115,10.193106354568993,72.0335,21.6958,-158.0053,Kuilima Farms
2008-01-04,2.07311,24.9,19.7,2.1483724391578916,10.214936984829405,66.0605,21.6958,-158.0053,Kuilima Farms
2008-01-05,1.49464,25.7,20.6,2.1776609486994265,10.238195847680513,70.1159,21.6958,-158.0053,Kuilima Farms
2008-01-06,3.37677,26.1,19.4,2.477564364044648,10.26287052220194,66.134,21.6958,-158.0053,Kuilima Farms
2008-01-07,0.115666,26.4,18.5,2.677184050221077,10.288947769510449,75.4958,21.6958,-158.0053,Kuilima Farms
2008-01-08,0.0534292,26.6,17.5,2.8523682958582772,10.316413537942557,65.9803,21.6958,-158.0053,Kuilima Farms
2008-01-09,0.340221,26.9,17.1,2.964592876431856,10.345252968746319,67.9579,21.6958,-158.0053,Kuilima Farms
2008-01-10,0.618267,26.6,18.2,2.780356536301143,10.375450402302718,66.947,21.6958,-158.0053,Kuilima Farms
2008-01-11,0.0969454,26.5,18.2,2.768710472484418,10.406989384897352,64.2797,21.6958,-158.0053,Kuilima Farms
2008-01-12,0.151072,26.4,18.1,2.770535840555871,10.439852676063014,65.3545,21.6958,-158.0053,Kuilima Farms
2008-01-13,0.0780588,26.1,18.9,2.605029362412556,10.474022256513486,57.7017,21.6958,-158.0053,Kuilima Farms
2008-01-14,0.0754601,25.6,18.9,2.505814733387924,10.509479336688797,57.3963,21.6958,-158.0053,Kuilima Farms
2008-01-15,0.0585515,25.0,18.6,2.4300163284153378,10.546204365931338,54.2657,21.6958,-158.0053,Kuilima Farms
2008-01-16,0.270296,25.1,17.4,2.637857510695172,10.584177042312001,55.8896,21.6958,-158.0053,Kuilima Farms
2008-01-17,0.486337,24.9,17.7,2.5635005080841657,10.623376323124365,59.5605,21.6958,-158.0053,Kuilima Farms
2008-01-18,0.554121,25.4,16.7,2.810539413421652,10.663780436064368,66.7379,21.6958,-158.0053,Kuilima Farms
2008-01-19,1.64625,25.8,18.0,2.7300286204460904,10.70536689111159,64.7391,21.6958,-158.0053,Kuilima Farms
2008-01-20,0.249365,26.4,20.5,2.476908696502622,10.748112493127254,62.2712,21.6958,-158.0053,Kuilima Farms
2008-01-21,0.55271,26.5,19.4,2.6951707996649064,10.791993355182715,59.7344,21.6958,-158.0053,Kuilima Farms
2008-01-22,0.647802,26.2,20.1,2.5208971563063707,10.836984912630665,59.4998,21.6958,-158.0053,Kuilima Farms
2008-01-23,4.14821,25.8,19.2,2.591528270120378,10.88306193792994,60.1611,21.6958,-158.0053,Kuilima Farms
2008-01-24,0.56842,25.7,19.5,2.5289083897741933,10.930198556232924,63.1011,21.6958,-158.0053,Kuilima Farms
2008-01-25,4.04857,25.6,18.4,2.6965901952684614,10.978368261742974,59.0468,21.6958,-158.0053,Kuilima Farms
2008-01-26,0.96049,25.8,19.5,2.575107913162801,11.02754393484734,56.7699,21.6958,-158.0053,Kuilima Farms
2008-01-27,0.855606,25.4,19.2,2.5440027072717726,11.077697860029135,59.611,21.6958,-158.0053,Kuilima Farms
2008-01-28,1.71739,25.1,19.5,2.4289279244780317,11.128801744559867,55.8931,21.6958,-158.0053,Kuilima Farms
2008-01-29,5.07026,24.8,18.3,2.5799017587389175,11.180826737972051,60.6778,21.6958,-158.0053,Kuilima Farms
2008-01-30,2.77112,24.8,18.0,2.641148747043379,11.23374345230907,70.2169,21.6958,-158.0053,Kuilima Farms
2008-01-31,1.04485,25.0,18.6,2.600827916345168,11.287521983147506,68.2621,21.6958,-158.0053,Kuilima Farms
2008-02-01,4.77174,25.4,19.5,2.550435948889103,11.342131931384674,72.5648,21.6958,-158.0053,Kuilima Farms
2008-02-02,2.84811,25.8,20.6,2.450894301383704,11.397542425781957,73.8724,21.6958,-158.0053,Kuilima Farms
2008-02-03,3.8132,25.8,20.3,2.5237590254063025,11.453722146252161,69.423,21.6958,-158.0053,Kuilima Farms
2008-02-04,16.8284,25.6,20.4,2.4631401175904033,11.51063934787682,75.6742,21.6958,-158.0053,Kuilima Farms
2008-02-05,1.93372,25.6,20.7,2.411836669486169,11.568261885636955,72.8631,21.6958,-158.0053,Kuilima Farms
2008-02-06,1.77077,25.7,20.9,2.407916433213353,11.626557239838633,66.4005,21.6958,-158.0053,Kuilima Farms
2008-02-07,1.14853,26.0,20.4,2.6076705892809278,11.685492542212057,70.9051,21.6958,-158.0053,Kuilima Farms
2008-02-08,6.8323,26.5,19.6,2.898669780350346,11.745034602660972,66.8037,21.6958,-158.0053,Kuilima Farms
2008-02-09,0.718109,26.7,19.6,2.9626641607733717,11.805149936636536,65.3808,21.6958,-158.0053,Kuilima Farms
2008-02-10,0.211824,26.5,19.7,2.910735882651293,11.865804793107735,63.7921,21.6958,-158.0053,Kuilima Farms
2008-02-11,0.0931618,26.7,19.7,2.9757104095302522,11.926965183098341,62.2753,21.6958,-158.0053,Kuilima Farms
2008-02-12,0.144973,27.4,19.3,3.2293011200416637,11.988596908757849,61.1206,21.6958,-158.0053,Kuilima Farms
2008-02-13,0.163669,26.7,18.6,3.19080237261924,12.05066559293227,60.627,21.6958,-158.0053,Kuilima Farms
2008-02-14,0.175569,26.9,18.8,3.223201927529537,12.113136709198134,59.5575,21.6958,-158.0053,Kuilima Farms
2008-02-15,0.195652,26.4,17.6,3.3064047313200877,12.17597561232148,62.7686,21.6958,-158.0053,Kuilima Farms
2008-02-16,1.16534,26.6,17.2,3.426363545274265,12.239147569101531,59.9355,21.6958,-158.0053,Kuilima Farms
2008-02-17,1.29562,26.7,19.1,3.174874576819829,12.302617789556992,68.9063,21.6958,-158.0053,Kuilima Farms
2008-02-18,0.0871863,27.3,19.1,3.33933665132109,12.366351458411357,64.2977,21.6958,-158.0053,Kuilima Farms
2008-02-19,0.0206399,26.9,18.3,3.3871974835181837,12.430313766831864,64.4953,21.6958,-158.0053,Kuilima Farms
2008-02-20,0.121735,27.3,17.3,3.6440979787599646,12.494469944375345,61.222,21.6958,-158.0053,Kuilima Farms
2008-02-21,0.114982,27.2,18.0,3.539571996236212,12.558785291092898,58.3416,21.6958,-158.0053,Kuilima Farms
2008-02-22,0.0261064,27.0,17.2,3.626470091286912,12.623225209743929,62.4971,21.6958,-158.0053,Kuilima Farms
2008-02-23,0.719108,27.5,17.1,3.7737547292141578,12.687755238069183,57.5097,21.6958,-158.0053,Kuilima Farms
2008-02-24,7.97326,26.8,19.9,3.1703859961669103,12.75234108107122,73.88,21.6958,-158.0053,Kuilima Farms
2008-02-25,3.17934,26.8,18.8,3.3851935694870368,12.81694864325004,58.9245,21.6958,-158.0053,Kuilima Farms
2008-02-26,0.0632063,26.0,16.2,3.6079324559810306,12.881544060740794,61.1758,21.6958,-158.0053,Kuilima Farms
2008-02-27,0.0351135,26.4,16.1,3.73169579952894,12.946093733299998,60.6398,21.6958,-158.0053,Kuilima Farms
2008-02-28,0.0051503,26.9,17.7,3.639672083045002,13.010564356086114,63.3168,21.6958,-158.0053,Kuilima Farms
2008-02-29,0.0055098,27.3,19.0,3.5478065126282043,13.074922951180193,56.838,21.6958,-158.0053,Kuilima Farms
2008-03-01,0.231859,27.1,18.1,3.662665801907274,13.139136898792055,64.2532,21.6958,-158.0053,Kuilima Farms
2008-03-02,0.00594949,27.4,18.8,3.6423251727962596,13.203173968097497,62.121,21.6958,-158.0053,Kuilima Farms
2008-03-03,0.00410292,27.7,17.9,3.8782849366962604,13.267002347652156,61.0687,21.6958,-158.0053,Kuilima Farms
2008-03-04,0.145734,27.4,18.6,3.7108955329725575,13.330590675327995,61.6683,21.6958,-158.0053,Kuilima Farms
2008-03-05,0.00783989,27.3,19.5,3.544701484379842,13.393908067718767,67.2476,21.6958,-158.0053,Kuilima Farms
2008-03-06,0.00953104,27.4,19.2,3.642691468300809,13.456924148961459,57.8,21.6958,-158.0053,Kuilima Farms
2008-03-07,0.00758235,27.4,19.1,3.6774279940599732,13.519609078921423,59.3298,21.6958,-158.0053,Kuilima Farms
2008-03-08,0.0133433,27.5,18.2,3.8725003220059637,13.58193358068981,62.7816,21.6958,-158.0053,Kuilima Farms
2008-03-09,0.00810755,27.5,17.9,3.9378214075282503,13.643868967342963,63.1128,21.6958,-158.0053,Kuilima Farms
2008-03-10,0.0674154,27.6,18.2,3.9334848392562525,13.70538716791454,61.9897,21.6958,-158.0053,Kuilima Farms
2008-03-11,0.0429855,28.0,18.9,3.939986974102095,13.766460752532586,61.2933,21.6958,-158.0053,Kuilima Farms
2008-03-12,0.126191,27.9,20.6,3.6131434673076552,13.827062956675036,58.0416,21.6958,-158.0053,Kuilima Farms
2008-03-13,1.53705,28.6,20.4,3.868911626984839,13.887167704498824,54.8997,21.6958,-158.0053,Kuilima Farms
2008-03-14,0.584113,28.1,21.1,3.5984520270014246,13.946749631199538,59.1415,21.6958,-158.0053,Kuilima Farms
2008-03-15,0.0786177,28.0,21.9,3.401232342162794,14.005784104360163,56.5899,21.6958,-158.0053,Kuilima Farms
2008-03-16,2.85297,28.0,21.8,3.439284071375797,14.064247244249676,56.0457,21.6958,-158.0053,Kuilima Farms
2008-03-17,4.38777,28.0,21.5,3.523577689799016,14.122115943034062,66.6263,21.6958,-158.0053,Kuilima Farms
2008-03-18,0.992552,27.5,21.3,3.4268334866675167,14.179367882864687,67.5408,21.6958,-158.0053,Kuilima Farms
2008-03-19,0.883163,27.4,20.9,3.501901256505892,14.235981552811026,63.6939,21.6958,-158.0053,Kuilima Farms
2008-03-20,1.20483,27.4,21.1,3.469406450874476,14.291936264607266,61.689,21.6958,-158.0053,Kuilima Farms
2008-03-21,2.61489,27.2,20.2,3.6232013830684533,14.34721216718461,66.5949,21.6958,-158.0053,Kuilima Farms
2008-03-22,1.74648,27.3,20.8,3.5342434228985136,14.401790259963699,64.34,21.6958,-158.0053,Kuilima Farms
2008-03-23,0.395721,27.6,20.7,3.663718043389366,14.455652404884072,60.114,21.6958,-158.0053,Kuilima Farms
2008-03-24,0.206481,27.6,20.8,3.6547907598103797,14.508781337150314,61.3567,21.6958,-158.0053,Kuilima Farms
2008-03-25,0.17869,27.7,20.6,3.7435614779835893,14.561160674677192,61.2071,21.6958,-158.0053,Kuilima Farms
2008-03-26,0.18666,28.1,20.5,3.9007617296670913,14.612774926218757,56.2634,21.6958,-158.0053,Kuilima Farms
2008-03-27,0.259574,28.1,20.5,3.9143316062860007,14.663609498169297,55.4638,21.6958,-158.0053,Kuilima Farms
2008-03-28,1.58562,28.0,20.8,3.832013028176558,14.713650700026786,58.2372,21.6958,-158.0053,Kuilima Farms
2008-03-29,0.469181,28.0,21.3,3.730904999312546,14.762885748512138,60.2156,21.6958,-158.0053,Kuilima Farms
2008-03-30,0.0671948,28.1,21.6,3.7042203188249907,14.811302770340772,57.6942,21.6958,-158.0053,Kuilima Farms
2008-03-31,0.352924,28.0,21.5,3.707408743992812,14.85889080364542,54.1108,21.6958,-158.0053,Kuilima Farms
2008-04-01,0.540566,28.0,20.2,4.011804696181194,14.9056397980523,54.4549,21.6958,-158.0053,Kuilima Farms
2008-04-02,0.81575,26.9,20.4,3.6340842719942543,14.951540613415311,57.8492,21.6958,-158.0053,Kuilima Farms
2008-04-03,1.90941,26.6,18.2,4.0187029534215,14.996585017215974,55.392,21.6958,-158.0053,Kuilima Farms
2008-04-04,0.975459,26.2,18.4,3.8742661799508498,15.040765680639367,56.8446,21.6958,-158.0053,Kuilima Farms
2008-04-05,1.4682,25.9,18.7,3.732992984468979,15.084076173339218,56.0175,21.6958,-158.0053,Kuilima Farms
2008-04-06,2.37428,26.2,19.2,3.7279548641641003,15.126510956907884,65.1951,21.6958,-158.0053,Kuilima Farms
2008-04-07,2.18379,26.6,19.7,3.752636335412121,15.168065377069661,67.2059,21.6958,-158.0053,Kuilima Farms
2008-04-08,3.50106,26.6,18.1,4.094642217773061,15.208735654618323,74.5143,21.6958,-158.0053,Kuilima Farms
2008-04-09,0.440542,26.2,19.8,3.6199756378516152,15.248518875122475,71.9237,21.6958,-158.0053,Kuilima Farms
2008-04-10,0.358827,26.4,19.4,3.786214924971972,15.287412977424445,74.4054,21.6958,-158.0053,Kuilima Farms
2008-04-11,2.93769,26.0,21.2,3.197135839110777,15.325416740961105,74.7219,21.6958,-158.0053,Kuilima Farms
2008-04-12,1.05321,27.1,21.6,3.492766052099702,15.362529771936947,74.7439,21.6958,-158.0053,Kuilima Farms
2008-04-13,0.366944,27.3,21.9,3.48960371782591,15.398752488382133,61.1749,21.6958,-158.0053,Kuilima Farms
2008-04-14,0.241167,27.9,20.9,3.963421179086061,15.434086104130156,55.6823,21.6958,-158.0053,Kuilima Farms
2008-04-15,0.199634,27.8,21.2,3.8662442616879904,15.468532611751709,58.0653,21.6958,-158.0053,Kuilima Farms
2008-04-16,0.0474248,28.1,20.6,4.115725807756206,15.502094764483262,58.3816,21.6958,-158.0053,Kuilima Farms
2008-04-17,0.506694,27.6,19.6,4.18386986385138,15.534776057190442,62.1457,21.6958,-158.0053,Kuilima Farms
2008-04-18,0.434684,27.9,19.6,4.285792474862086,15.56658070640804,67.7664,21.6958,-158.0053,Kuilima Farms
2008-04-19,1.13671,28.0,21.0,4.014880258274949,15.597513629499858,63.1686,21.6958,-158.0053,Kuilima Farms
2008-04-20,0.898303,28.1,21.0,4.056039423878388,15.627580422982984,58.4824,21.6958,-158.0053,Kuilima Farms
2008-04-21,0.194019,28.2,21.1,4.07321521846697,15.656787340062246,56.6441,21.6958,-158.0053,Kuilima Farms
2008-04-22,0.0295927,28.1,20.1,4.2753855687961835,15.68514126742184,55.5532,21.6958,-158.0053,Kuilima Farms
2008-04-23,0.00451797,28.3,18.0,4.749520679003008,15.712649701321853,62.1761,21.6958,-158.0053,Kuilima Farms
2008-04-24,0.223699,28.6,18.0,4.8440495363792495,15.739320723048436,56.3373,21.6958,-158.0053,Kuilima Farms
2008-04-25,0.709348,28.6,18.9,4.692272180758277,15.76516297376691,59.8743,21.6958,-158.0053,Kuilima Farms
2008-04-26,0.121759,28.6,18.5,4.772558630653929,15.790185628827727,65.3404,21.6958,-158.0053,Kuilima Farms
2008-04-27,0.265522,28.4,20.4,4.341481504022466,15.814398371575606,62.5476,21.6958,-158.0053,Kuilima Farms
2008-04-28,0.215969,29.0,22.2,4.122561925547935,15.837811366712412,57.2873,21.6958,-158.0053,Kuilima Farms
2008-04-29,0.0790612,29.0,22.4,4.076656897196456,15.86043523326452,61.6388,21.6958,-158.0053,Kuilima Farms
2008-04-30,0.230316,28.5,22.3,3.929346282106441,15.882281017205438,62.8436,21.6958,-158.0053,Kuilima Farms
2008-05-01,0.0771662,28.3,21.8,3.995988549941082,15.903360163784312,56.5636,21.6958,-158.0053,Kuilima Farms
2008-05-02,0.357108,28.5,22.4,3.912212435881018,15.923684489610698,59.603,21.6958,-158.0053,Kuilima Farms
2008-05-03,0.806301,28.4,21.6,4.09263823792564,15.943266154545718,57.9424,21.6958,-158.0053,Kuilima Farms
2008-05-04,1.30276,27.9,21.4,3.9733124305241354,15.962117633449026,60.6447,21.6958,-158.0053,Kuilima Farms
2008-05-05,0.544543,28.3,21.8,4.0153088474450325,15.980251687830673,57.2999,21.6958,-158.0053,Kuilima Farms
2008-05-06,0.242428,28.3,21.1,4.196044216378857,15.997681337456026,56.0737,21.6958,-158.0053,Kuilima Farms
2008-05-07,0.977552,28.3,21.2,4.1760701418539385,16.0144198319512,58.5821,21.6958,-158.0053,Kuilima Farms
2008-05-08,1.25993,28.2,21.5,4.070341204406087,16.03048062245552,57.1726,21.6958,-158.0053,Kuilima Farms
2008-05-09,0.259434,28.5,21.6,4.154001752824544,16.045877333366462,54.2395,21.6958,-158.0053,Kuilima Farms
2008-05-10,0.677127,28.5,22.0,4.054339174906362,16.06062373422148,55.4642,21.6958,-158.0053,Kuilima Farms
2008-05-11,1.37469,28.4,21.1,4.2504275491272,16.07473371175991,56.201,21.6958,-158.0053,Kuilima Farms
2008-05-12,0.560369,28.4,20.7,4.34845162673264,16.088221242206792,55.2711,21.6958,-158.0053,Kuilima Farms
2008-05-13,0.930233,28.2,19.2,4.610550089179661,16.101100363819317,57.8981,21.6958,-158.0053,Kuilima Farms
2008-05-14,0.186375,28.2,18.7,4.711946811416484,16.113385149734857,65.4283,21.6958,-158.0053,Kuilima Farms
2008-05-15,0.113368,29.0,20.3,4.643733581332338,16.125089681158492,57.4609,21.6958,-158.0053,Kuilima Farms
2008-05-16,0.00639073,28.9,20.8,4.504964813449067,16.13622802092597,62.4574,21.6958,-158.0053,Kuilima Farms
2008-05-17,0.00248718,29.1,19.8,4.785010236116908,16.14681418747693,60.7589,21.6958,-158.0053,Kuilima Farms
2008-05-18,0.0478962,29.2,21.1,4.542453943843647,16.156862129271218,58.5014,21.6958,-158.0053,Kuilima Farms
2008-05-19,0.237626,29.8,22.0,4.538052442645794,16.166385699679797,54.2797,21.6958,-158.0053,Kuilima Farms
2008-05-20,0.548094,29.6,21.3,4.635621691444928,16.17539863237995,62.2314,21.6958,-158.0053,Kuilima Farms
2008-05-21,16.179,28.6,21.1,4.34771511457573,16.183914517282805,57.4377,21.6958,-158.0053,Kuilima Farms
2008-05-22,12.9669,28.7,21.6,4.262056927222621,16.19194677701977,68.2607,21.6958,-158.0053,Kuilima Farms
2008-05-23,2.23678,28.2,21.3,4.164412944296814,16.199508644012376,66.4986,21.6958,-158.0053,Kuilima Farms
2008-05-24,0.0373593,28.7,21.1,4.38788030912451,16.20661313814891,61.4384,21.6958,-158.0053,Kuilima Farms
2008-05-25,0.115457,29.1,22.1,4.281907509654433,16.21327304508906,56.6009,21.6958,-158.0053,Kuilima Farms
2008-05-26,0.080358,29.2,22.2,4.293422214121202,16.219500895216687,55.2005,21.6958,-158.0053,Kuilima Farms
2008-05-27,0.0334013,28.7,21.8,4.220058895474735,16.22530894325876,58.2461,21.6958,-158.0053,Kuilima Farms
2008-05-28,0.355512,29.0,21.9,4.302101153129309,16.230709148587426,58.6445,21.6958,-158.0053,Kuilima Farms
2008-05-29,0.140761,29.0,21.2,4.474080556623221,16.235713156220296,54.8539,21.6958,-158.0053,Kuilima Farms
2008-05-30,0.00466262,29.5,21.8,4.503580085901068,16.24033227853287,53.2749,21.6958,-158.0053,Kuilima Farms
2008-05-31,0.00596887,29.4,21.1,4.633919209811165,16.244577477695458,57.116,21.6958,-158.0053,Kuilima Farms
2008-06-01,0.00369442,28.8,22.0,4.209962499924725,16.248459348845685,52.1826,21.6958,-158.0053,Kuilima Farms
2008-06-02,0.209775,29.0,21.5,4.40694996052728,16.251988104006415,62.2107,21.6958,-158.0053,Kuilima Farms
2008-06-03,1.67649,28.9,21.8,4.298623625361632,16.255173556757732,61.6393,21.6958,-158.0053,Kuilima Farms
2008-06-04,3.45905,28.9,22.1,4.222192000983517,16.258025107670353,61.2067,21.6958,-158.0053,Kuilima Farms
2008-06-05,2.41533,28.9,21.8,4.300045864543493,16.26055173050711,60.3803,21.6958,-158.0053,Kuilima Farms
2008-06-06,1.05198,28.5,21.9,4.1320214236050345,16.262761959197736,59.9977,21.6958,-158.0053,Kuilima Farms
2008-06-07,0.315137,29.0,22.0,4.285582352420279,16.264663875591676,66.9403,21.6958,-158.0053,Kuilima Farms
2008-06-08,0.175559,29.0,22.7,4.098927197088396,16.26626509799255,58.3001,21.6958,-158.0053,Kuilima Farms
2008-06-09,0.48853,29.3,22.9,4.155326000178333,16.267572770477326,54.3406,21.6958,-158.0053,Kuilima Farms
2008-06-10,1.10207,29.0,21.7,4.362345663299031,16.268593553002383,64.0889,21.6958,-158.0053,Kuilima Farms
2008-06-11,1.19735,28.7,21.4,4.332213556676364,16.269333612298364,65.3625,21.6958,-158.0053,Kuilima Farms
2008-06-12,3.33407,28.4,21.3,4.252636116210845,16.26979861355482,68.7992,21.6958,-158.0053,Kuilima Farms
2008-06-13,1.42938,28.8,21.0,4.46262503536683,16.269993712895513,62.6026,21.6958,-158.0053,Kuilima Farms
2008-06-14,0.168505,29.1,21.5,4.446286205319141,16.269923550644627,58.7553,21.6958,-158.0053,Kuilima Farms
2008-06-15,0.648439,28.9,20.9,4.519364534272861,16.269592245383986,58.0342,21.6958,-158.0053,Kuilima Farms
2008-06-16,0.382387,28.8,21.6,4.317411951719351,16.269003388800993,61.7247,21.6958,-158.0053,Kuilima Farms
2008-06-17,0.254034,28.7,21.7,4.2568049194611435,16.268160041326762,62.896,21.6958,-158.0053,Kuilima Farms
2008-06-18,0.20218,28.8,21.7,4.291798868681443,16.267064728564026,60.1535,21.6958,-158.0053,Kuilima Farms
2008-06-19,1.072,28.9,21.8,4.3014124467953385,16.26571943850375,58.6021,21.6958,-158.0053,Kuilima Farms
2008-06-20,1.20807,29.2,22.0,4.356267436440125,16.264125619529924,56.2586,21.6958,-158.0053,Kuilima Farms
2008-06-21,2.34106,29.2,21.7,4.430228488567749,16.262284179211356,56.5619,21.6958,-158.0053,Kuilima Farms
2008-06-22,0.295303,29.0,22.1,4.258603882299889,16.260195483879713,58.7765,21.6958,-158.0053,Kuilima Farms
2008-06-23,0.228569,29.2,22.4,4.251401720357349,16.257859358992654,61.3735,21.6958,-158.0053,Kuilima Farms
2008-06-24,0.54614,28.9,22.4,4.141604450349403,16.25527509028124,61.7785,21.6958,-158.0053,Kuilima Farms
2008-06-25,0.503984,28.9,22.1,4.2207419246502536,16.252441425680345,60.9938,21.6958,-158.0053,Kuilima Farms
2008-06-26,0.213133,29.5,21.9,4.481878284468998,16.249356578041283,59.9071,21.6958,-158.0053,Kuilima Farms
2008-06-27,0.113761,29.1,22.8,4.1032039514996,16.246018228625278,62.8567,21.6958,-158.0053,Kuilima Farms
2008-06-28,0.165769,29.3,23.3,4.035458463073172,16.24242353137682,66.193,21.6958,-158.0053,Kuilima Farms
2008-06-29,0.0118285,29.3,22.0,4.384567950880429,16.238569117975462,61.8086,21.6958,-158.0053,Kuilima Farms
2008-06-30,0.579889,29.9,20.8,4.860343253849015,16.234451103664785,62.3746,21.6958,-158.0053,Kuilima Farms
2008-07-01,1.43671,30.2,22.6,4.548593884889515,16.230065093856858,62.4079,21.6958,-158.0053,Kuilima Farms
2008-07-02,0.258922,29.8,21.8,4.602087764324276,16.225406191510434,62.104,21.6958,-158.0053,Kuilima Farms
2008-07-03,0.844799,29.6,22.7,4.306997981432069,16.220469005280798,62.6833,21.6958,-158.0053,Kuilima Farms
2008-07-04,1.43541,29.7,22.2,4.468483011898852,16.215247658438933,66.3643,21.6958,-158.0053,Kuilima Farms
2008-07-05,2.46003,29.6,22.6,4.330293295953113,16.20973579855707,61.802,21.6958,-158.0053,Kuilima Farms
2008-07-06,0.14399,29.9,22.4,4.485776326137354,16.203926607957523,62.8632,21.6958,-158.0053,Kuilima Farms
2008-07-07,0.250867,30.0,22.4,4.519013976326407,16.19781281492102,61.9725,21.6958,-158.0053,Kuilima Farms
2008-07-08,0.203001,29.8,22.4,4.447257349190476,16.191386705650114,62.657,21.6958,-158.0053,Kuilima Farms
2008-07-09,0.545361,30.1,21.8,4.69189178563461,16.184640136982722,58.1064,21.6958,-158.0053,Kuilima Farms
2008-07-10,1.82254,29.7,22.0,4.506823892423224,16.177564549850104,62.0441,21.6958,-158.0053,Kuilima Farms
2008-07-11,1.29679,29.7,22.9,4.276957718026994,16.170150983472585,66.666,21.6958,-158.0053,Kuilima Farms
2008-07-12,0.346726,29.9,22.7,4.398840938701769,16.162390090285815,63.0172,21.6958,-158.0053,Kuilima Farms
2008-07-13,0.167192,29.9,22.3,4.496623725169791,16.154272151589048,57.9683,21.6958,-158.0053,Kuilima Farms
2008-07-14,1.86835,29.8,21.4,4.671070584220043,16.145787093906137,61.6633,21.6958,-158.0053,Kuilima Farms
2008-07-15,1.17495,29.9,20.9,4.8100944567630295,16.13692450604881,62.4196,21.6958,-158.0053,Kuilima Farms
2008-07-16,0.275513,30.1,21.7,4.6980825439162786,16.127673656870645,61.8285,21.6958,-158.0053,Kuilima Farms
2008-07-17,4.29159,30.1,22.4,4.531384307753618,16.118023513698926,61.6177,21.6958,-158.0053,Kuilima Farms
2008-07-18,1.40174,30.1,23.1,4.352115806284009,16.107962761430308,54.5609,21.6958,-158.0053,Kuilima Farms
2008-07-19,1.20325,30.2,22.9,4.436503001082146,16.09747982227512,60.9967,21.6958,-158.0053,Kuilima Farms
2008-07-20,1.72718,29.3,22.2,4.2934699786325305,16.086562876133346,66.8252,21.6958,-158.0053,Kuilima Farms
2008-07-21,0.972917,29.6,22.6,4.294353167960188,16.075199881584407,63.4656,21.6958,-158.0053,Kuilima Farms
2008-07-22,0.770807,29.7,23.6,4.056032387485597,16.06337859747109,64.2421,21.6958,-158.0053,Kuilima Farms
2008-07-23,1.34609,29.6,24.0,3.8963785716859896,16.051086605056707,66.1581,21.6958,-158.0053,Kuilima Farms
2008-07-24,0.61482,29.7,23.9,3.9621903063336936,16.038311330733016,60.5802,21.6958,-158.0053,Kuilima Farms
2008-07-25,0.525166,29.5,22.8,4.192984344705295,16.025040069254924,61.184,21.6958,-158.0053,Kuilima Farms
2008-07-26,0.689247,29.9,22.4,4.432439916007553,16.011260007476483,63.1109,21.6958,-158.0053,Kuilima Farms
2008-07-27,1.21932,30.1,22.7,4.423880392686876,15.996958248561317,56.5249,21.6958,-158.0053,Kuilima Farms
2008-07-28,2.13611,30.3,23.1,4.389231954769964,15.982121836638859,64.3174,21.6958,-158.0053,Kuilima Farms
2008-07-29,1.89403,30.1,23.2,4.287857459234885,15.966737781876555,62.5967,21.6958,-158.0053,Kuilima Farms
2008-07-30,2.77699,30.1,22.4,4.4843695273435,15.950793085936475,60.4328,21.6958,-158.0053,Kuilima Farms
2008-07-31,0.0948327,29.8,22.7,4.301651519597054,15.934274767783586,59.595,21.6958,-158.0053,Kuilima Farms
2008-08-01,0.127385,29.6,21.9,4.424123171775841,15.91716988981123,59.8594,21.6958,-158.0053,Kuilima Farms
2008-08-02,0.831044,29.4,21.6,4.42227311549485,15.899465584248246,65.1671,21.6958,-158.0053,Kuilima Farms
2008-08-03,1.61379,29.5,21.1,4.56274997923956,15.881149079810667,64.3973,21.6958,-158.0053,Kuilima Farms
2008-08-04,1.26698,29.4,21.8,4.365037656917727,15.862207728559733,69.5533,21.6958,-158.0053,Kuilima Farms
2008-08-05,0.317581,29.9,23.1,4.209332878651482,15.842629032926705,59.588,21.6958,-158.0053,Kuilima Farms
2008-08-06,0.311759,29.6,23.2,4.069232180750871,15.822400672863873,55.9927,21.6958,-158.0053,Kuilima Farms
2008-08-07,2.11478,29.6,23.4,4.008907281689561,15.801510533079938,59.5441,21.6958,-158.0053,Kuilima Farms
2008-08-08,1.18764,30.0,22.9,4.279330392786395,15.779946730317207,58.5201,21.6958,-158.0053,Kuilima Farms
2008-08-09,0.60017,29.7,23.3,4.0617605033910245,15.757697640626793,53.8425,21.6958,-158.0053,Kuilima Farms
2008-08-10,5.02633,30.0,23.1,4.21605148592088,15.734751926597395,59.2014,21.6958,-158.0053,Kuilima Farms
2008-08-11,5.37221,29.9,23.1,4.174385678652449,15.711098564492584,60.3802,21.6958,-158.0053,Kuilima Farms
2008-08-12,2.0191,29.8,22.2,4.356533697058021,15.686726871250539,61.4415,21.6958,-158.0053,Kuilima Farms
2008-08-13,0.307021,29.5,21.5,4.411614844464858,15.661626531300016,61.4136,21.6958,-158.0053,Kuilima Farms
2008-08-14,1.0746,29.2,21.9,4.212094738493506,15.635787623145733,70.7042,21.6958,-158.0053,Kuilima Farms
2008-08-15,0.497333,30.0,22.9,4.23302612307356,15.60920064567591,64.4581,21.6958,-158.0053,Kuilima Farms
2008-08-16,0.392457,30.0,23.2,4.14939198901225,15.581856544144873,58.9428,21.6958,-158.0053,Kuilima Farms
2008-08-17,1.60109,30.0,22.2,4.38606113305094,15.553746735783031,56.6122,21.6958,-158.0053,Kuilima Farms
2008-08-18,0.224054,29.9,22.6,4.2497458553671965,15.524863134987063,55.9035,21.6958,-158.0053,Kuilima Farms
2008-08-19,0.41165,29.9,22.7,4.217254485141985,15.495198178042912,54.0537,21.6958,-158.0053,Kuilima Farms
2008-08-20,1.03984,29.8,22.8,4.150096588117323,15.464744847334671,58.4117,21.6958,-158.0053,Kuilima Farms
2008-08-21,1.05014,29.8,22.2,4.286206355667205,15.433496694992765,66.5525,21.6958,-158.0053,Kuilima Farms
2008-08-22,2.78708,30.2,22.2,4.408461537922827,15.401447865935312,59.4598,21.6958,-158.0053,Kuilima Farms
2008-08-23,1.79963,29.6,22.2,4.202030939259422,15.368593120257204,59.5588,21.6958,-158.0053,Kuilima Farms
2008-08-24,1.48934,29.7,21.1,4.4683022819459906,15.334927854922332,68.1541,21.6958,-158.0053,Kuilima Farms
2008-08-25,2.49004,30.0,23.1,4.099681860406004,15.300448124714938,61.9757,21.6958,-158.0053,Kuilima Farms
2008-08-26,2.22885,30.0,22.7,4.188138826142011,15.265150662407459,61.2243,21.6958,-158.0053,Kuilima Farms
2008-08-27,0.418278,29.8,22.6,4.135414875028784,15.229032898103027,58.4658,21.6958,-158.0053,Kuilima Farms
2008-08-28,0.90099,29.7,21.9,4.254800840014676,15.19209297771232,59.3185,21.6958,-158.0053,Kuilima Farms
2008-08-29,6.01649,29.7,22.1,4.199066988091307,15.154329780525433,60.4225,21.6958,-158.0053,Kuilima Farms
2008-08-30,2.18683,29.9,21.8,4.319008820897435,15.115742935841348,62.1274,21.6958,-158.0053,Kuilima Farms
2008-08-31,2.22908,29.7,22.2,4.154628938771715,15.076332838618754,67.2879,21.6958,-158.0053,Kuilima Farms
2008-09-01,2.8678,29.9,22.9,4.044216064393188,15.036100664113931,58.3921,21.6958,-158.0053,Kuilima Farms
2008-09-02,1.75557,29.8,22.5,4.095397085025567,14.99504838147297,60.4686,21.6958,-158.0053,Kuilima Farms
2008-09-03,0.301508,29.6,21.8,4.178283651962534,14.953178766247731,61.0089,21.6958,-158.0053,Kuilima Farms
2008-09-04,0.348214,29.9,22.1,4.1950903751307544,14.910495411806622,60.9254,21.6958,-158.0053,Kuilima Farms
2008-09-05,0.588045,30.0,22.9,4.031751042038405,14.867002739613563,61.8608,21.6958,-158.0053,Kuilima Farms
2008-09-06,0.804699,30.0,21.8,4.266224388957007,14.822706008350565,61.8807,21.6958,-158.0053,Kuilima Farms
2008-09-07,0.325841,30.2,22.4,4.186180655406631,14.777611321861533,56.348,21.6958,-158.0053,Kuilima Farms
2008-09-08,0.402388,29.5,22.3,3.9730967713771173,14.731725635897215,61.7583,21.6958,-158.0053,Kuilima Farms
2008-09-09,0.748253,29.5,21.6,4.115343710868018,14.685056763643674,64.4231,21.6958,-158.0053,Kuilima Farms
2008-09-10,0.4769,29.6,20.9,4.274948529402253,14.637613380018797,61.1453,21.6958,-158.0053,Kuilima Farms
2008-09-11,2.39756,29.5,21.3,4.151032084481168,14.589405024724188,63.067,21.6958,-158.0053,Kuilima Farms
2008-09-12,1.63127,29.5,22.1,3.9665030873319176,14.54044210404197,65.2588,21.6958,-158.0053,Kuilima Farms
2008-09-13,0.930954,29.0,21.4,3.950877177410143,14.490735891368743,68.1873,21.6958,-158.0053,Kuilima Farms
2008-09-14,0.713416,29.6,20.5,4.293144733833101,14.440298526481472,67.7113,21.6958,-158.0053,Kuilima Farms
2008-09-15,0.078968,29.5,20.5,4.249401714756467,14.389143013532667,67.0468,21.6958,-158.0053,Kuilima Farms
2008-09-16,0.0569419,29.6,21.2,4.12874528001581,14.33728321777483,60.9382,21.6958,-158.0053,Kuilima Farms
2008-09-17,0.0888496,30.1,22.3,4.037383160555028,14.284733861016754,56.1204,21.6958,-158.0053,Kuilima Farms
2008-09-18,0.373615,29.7,21.8,4.006641998135862,14.2315105158169,59.0837,21.6958,-158.0053,Kuilima Farms
2008-09-19,1.46426,29.5,21.2,4.053697229607623,14.177629598421644,66.8488,21.6958,-158.0053,Kuilima Farms
2008-09-20,0.607649,29.8,22.1,3.9434972948044495,14.12310836045882,66.7082,21.6958,-158.0053,Kuilima Farms
2008-09-21,0.616559,29.9,22.4,3.8944723300555886,14.067964879399517,60.2523,21.6958,-158.0053,Kuilima Farms
2008-09-22,6.38294,29.8,21.9,3.953962231356838,14.012218047803628,65.831,21.6958,-158.0053,Kuilima Farms
2008-09-23,2.70873,29.7,22.2,3.8458645712688186,13.95588756136723,60.5807,21.6958,-158.0053,Kuilima Farms
2008-09-24,3.36655,28.9,21.8,3.675540181935308,13.898993905792114,62.2909,21.6958,-158.0053,Kuilima Farms
2008-09-25,1.73958,29.2,22.1,3.6858001110333847,13.841558342500425,61.2839,21.6958,-158.0053,Kuilima Farms
2008-09-26,1.30302,29.0,21.6,3.7169243204483498,13.783602893219596,66.3534,21.6958,-158.0053,Kuilima Farms
2008-09-27,0.139341,29.3,21.7,3.768249396190699,13.725150323464925,66.5936,21.6958,-158.0053,Kuilima Farms
2008-09-28,0.115975,29.3,21.2,3.8511642380380042,13.666224124949599,63.0959,21.6958,-158.0053,Kuilima Farms
2008-09-29,1.1198,29.8,20.5,4.099114293552708,13.606848496953747,61.3106,21.6958,-158.0053,Kuilima Farms
2008-09-30,1.19658,29.7,21.9,3.794078451511977,13.547048326686408,60.7071,21.6958,-158.0053,Kuilima Farms
2008-10-01,1.25517,29.6,21.8,3.7685553205022466,13.486849168676164,63.1946,21.6958,-158.0053,Kuilima Farms
2008-10-02,1.78321,29.3,22.0,3.6252224186080118,13.426277223227773,65.0872,21.6958,-158.0053,Kuilima Farms
2008-10-03,0.477747,29.6,22.4,3.6128408729226344,13.365359313984332,60.2586,21.6958,-158.0053,Kuilima Farms
2008-10-04,0.877002,29.6,22.9,3.4889713007972643,13.30412286463564,62.1968,21.6958,-158.0053,Kuilima Farms
2008-10-05,1.76188,29.5,22.6,3.5082869254629228,13.242595874815265,56.6217,21.6958,-158.0053,Kuilima Farms
2008-10-06,1.00158,29.8,22.8,3.5371822984816426,13.18080689523002,60.6874,21.6958,-158.0053,Kuilima Farms
2008-10-07,0.164316,29.7,22.0,3.6546943456594843,13.118785002066884,57.6027,21.6958,-158.0053,Kuilima Farms
2008-10-08,0.359005,29.5,21.8,3.6206933186665107,13.056559770723647,63.0266,21.6958,-158.0053,Kuilima Farms
2008-10-09,0.941173,29.5,21.2,3.7153175070708784,12.994161248910245,67.9921,21.6958,-158.0053,Kuilima Farms
2008-10-10,5.18438,29.5,21.9,3.566784091738824,12.931619929169043,64.1464,21.6958,-158.0053,Kuilima Farms
2008-10-11,1.69152,29.6,23.1,3.3316463858245307,12.868966720862792,60.1459,21.6958,-158.0053,Kuilima Farms
2008-10-12,0.398692,29.0,22.6,3.2488204399297476,12.806232921679605,64.2846,21.6958,-158.0053,Kuilima Farms
2008-10-13,5.13175,28.8,20.5,3.5845249077765993,12.74345018870501,62.8262,21.6958,-158.0053,Kuilima Farms
2008-10-14,1.76869,28.9,21.4,3.430545382999114,12.680650509111128,65.7339,21.6958,-158.0053,Kuilima Farms
2008-10-15,9.6706,28.8,22.1,3.2489068963612087,12.617866170513523,70.5151,21.6958,-158.0053,Kuilima Farms
2008-10-16,0.622402,29.3,22.5,3.290674561726512,12.555129731046165,60.051,21.6958,-158.0053,Kuilima Farms
2008-10-17,0.537488,29.0,22.7,3.147971650824193,12.492473989204957,59.8272,21.6958,-158.0053,Kuilima Farms
2008-10-18,1.57724,28.9,22.7,3.103694175291182,12.429931953510064,59.6218,21.6958,-158.0053,Kuilima Farms
2008-10-19,2.5351,28.9,22.6,3.1093490779162356,12.367536812036814,64.8158,21.6958,-158.0053,Kuilima Farms
2008-10-20,0.921675,28.5,22.3,3.0443908411414586,12.305321901864717,62.479,21.6958,-158.0053,Kuilima Farms
2008-10-21,0.692579,28.5,20.8,3.3170354878689094,12.243320678493333,66.0688,21.6958,-158.0053,Kuilima Farms
2008-10-22,0.0763174,29.2,21.8,3.3001580483570607,12.181566685272994,66.669,21.6958,-158.0053,Kuilima Farms
2008-10-23,0.102221,29.3,22.1,3.253788442483173,12.120093522897783,59.2031,21.6958,-158.0053,Kuilima Farms
2008-10-24,4.32278,29.2,21.6,3.303142627852596,12.0589348190068,58.8213,21.6958,-158.0053,Kuilima Farms
2008-10-25,27.1846,27.2,21.8,2.7125542740184936,11.998124197939012,79.6785,21.6958,-158.0053,Kuilima Farms
2008-10-26,6.68079,27.1,21.7,2.6925120448801976,11.937695250685577,73.2613,21.6958,-158.0053,Kuilima Farms
2008-10-27,0.284816,27.2,20.3,2.9816391703017815,11.877681505082336,77.1848,21.6958,-158.0053,Kuilima Farms
2008-10-28,0.0341334,27.6,21.1,2.9209919245819385,11.818116396283576,77.5413,21.6958,-158.0053,Kuilima Farms
2008-10-29,0.11011,28.4,21.6,3.018545171520125,11.759033237556974,71.2815,21.6958,-158.0053,Kuilima Farms
2008-10-30,6.34958,28.1,21.9,2.867943417195647,11.700465191437559,76.8823,21.6958,-158.0053,Kuilima Farms
2008-10-31,0.677667,28.0,21.7,2.8665620711148643,11.642445241277462,61.8348,21.6958,-158.0053,Kuilima Farms
2008-11-01,0.552054,28.0,21.6,2.871598324638995,11.58500616322571,63.6598,21.6958,-158.0053,Kuilima Farms
2008-11-02,0.741552,27.9,21.6,2.831773040801143,11.528180498671224,73.9751,21.6958,-158.0053,Kuilima Farms
2008-11-03,0.301068,28.2,21.4,2.9311027960801828,11.4720005271797,72.7449,21.6958,-158.0053,Kuilima Farms
2008-11-04,0.570477,28.2,21.5,2.8987928865350265,11.41649823995334,70.9481,21.6958,-158.0053,Kuilima Farms
2008-11-05,0.0972953,28.8,20.6,3.1802935844991085,11.361705313840432,69.3721,21.6958,-158.0053,Kuilima Farms
2008-11-06,0.0447873,28.7,19.8,3.262581096354405,11.30765308591951,65.8046,21.6958,-158.0053,Kuilima Farms
2008-11-07,1.41537,28.7,21.2,3.0305110599870955,11.254372528680898,59.6924,21.6958,-158.0053,Kuilima Farms
2008-11-08,0.493571,28.7,22.2,2.8409402095572576,11.20189422582623,63.7685,21.6958,-158.0053,Kuilima Farms
2008-11-09,1.66509,28.4,22.5,2.694166887377746,11.150248348704395,59.3667,21.6958,-158.0053,Kuilima Farms
2008-11-10,1.42881,28.1,20.6,2.946850328165009,11.09946463340022,66.0008,21.6958,-158.0053,Kuilima Farms
2008-11-11,0.731672,28.4,21.9,2.7828714977080615,11.049572358489947,58.3737,21.6958,-158.0053,Kuilima Farms
2008-11-12,9.05829,28.5,21.3,2.8989341164212687,11.000600323475624,64.6346,21.6958,-158.0053,Kuilima Farms
2008-11-13,0.8713,28.6,20.2,3.081032207808957,10.952576827907977,66.961,21.6958,-158.0053,Kuilima Farms
2008-11-14,0.676888,28.6,20.8,2.9772193318432683,10.905529651205658,71.2345,21.6958,-158.0053,Kuilima Farms
2008-11-15,6.07433,28.4,21.0,2.8876323398463177,10.85948603317631,67.0878,21.6958,-158.0053,Kuilima Farms
2008-11-16,4.46641,27.9,20.5,2.8418315607525635,10.814472655243023,67.1336,21.6958,-158.0053,Kuilima Farms
2008-11-17,8.89992,27.2,21.4,2.5116575388608826,10.77051562237765,70.7962,21.6958,-158.0053,Kuilima Farms
2008-11-18,1.53183,26.8,21.5,2.3828787535391687,10.727640445740537,63.7416,21.6958,-158.0053,Kuilima Farms
2008-11-19,0.939476,26.4,21.0,2.3701879257873126,10.685872026024288,66.3983,21.6958,-158.0053,Kuilima Farms
2008-11-20,1.10053,27.1,20.2,2.6658281810908853,10.645234637497436,69.4337,21.6958,-158.0053,Kuilima Farms
2008-11-21,6.74267,27.6,19.7,2.841890763631609,10.605751912742013,71.2693,21.6958,-158.0053,Kuilima Farms
2008-11-22,25.0602,26.1,19.5,2.535104747942061,10.567446828077523,76.4069,21.6958,-158.0053,Kuilima Farms
2008-11-23,0.625728,27.1,20.1,2.6528925528541687,10.530341689662142,69.9709,21.6958,-158.0053,Kuilima Farms
2008-11-24,0.185267,26.1,21.5,2.1535754970343475,10.494458120260516,64.5528,21.6958,-158.0053,Kuilima Farms
2008-11-25,0.145388,27.3,21.2,2.498520067744675,10.459817046666284,60.5088,21.6958,-158.0053,Kuilima Farms
2008-11-26,0.0465479,27.3,21.2,2.4905470315846308,10.42643868776609,65.1902,21.6958,-158.0053,Kuilima Farms
2008-11-27,0.121037,27.8,22.4,2.38330175566185,10.394342543230792,66.2198,21.6958,-158.0053,Kuilima Farms
2008-11-28,0.589506,27.9,19.9,2.811365570043677,10.363547382818618,61.764,21.6958,-158.0053,Kuilima Farms
2008-11-29,2.28844,27.1,18.8,2.79039667813701,10.334071236274132,70.1203,21.6958,-158.0053,Kuilima Farms
2008-11-30,1.24882,27.2,19.6,2.6922729938612733,10.305931383806096,68.3106,21.6958,-158.0053,Kuilima Farms
2008-12-01,0.487825,27.0,19.7,2.628548958169864,10.27914434712689,72.1493,21.6958,-158.0053,Kuilima Farms
2008-12-02,1.93454,27.8,21.4,2.529678808445527,10.253725881035496,73.282,21.6958,-158.0053,Kuilima Farms
2008-12-03,0.291076,27.7,20.6,2.629974209186361,10.229690965525947,69.7089,21.6958,-158.0053,Kuilima Farms
2008-12-04,0.0670194,27.7,20.0,2.7132424810389173,10.207053798402862,62.5231,21.6958,-158.0053,Kuilima Farms
2008-12-05,0.0743513,27.4,19.8,2.673814675154465,10.18582778838574,68.3257,21.6958,-158.0053,Kuilima Farms
2008-12-06,0.0956089,27.4,20.0,2.639629597840217,10.166025548683734,62.9385,21.6958,-158.0053,Kuilima Farms
2008-12-07,2.49012,26.9,19.4,2.6174490338806025,10.147658891023054,65.3926,21.6958,-158.0053,Kuilima Farms
2008-12-08,0.355171,27.2,19.8,2.6177903746843656,10.130738820109347,64.5793,21.6958,-158.0053,Kuilima Farms
2008-12-09,0.211236,26.9,19.7,2.5657457787460296,10.11527552850816,66.9024,21.6958,-158.0053,Kuilima Farms
2008-12-10,2.98249,27.3,20.5,2.5263568080876957,10.101278391927107,65.5878,21.6958,-158.0053,Kuilima Farms
2008-12-11,127.232,26.4,21.0,2.2377441462847103,10.088755964884255,77.6929,21.6958,-158.0053,Kuilima Farms
2008-12-12,19.6111,27.0,21.1,2.3561960224408898,10.077715976748141,74.3353,21.6958,-158.0053,Kuilima Farms
2008-12-13,39.8999,26.2,20.4,2.2921022797264885,10.068165328135912,74.1344,21.6958,-158.0053,Kuilima Farms
2008-12-14,1.84675,27.3,20.5,2.516060504814537,10.060110087657128,80.2567,21.6958,-158.0053,Kuilima Farms
2008-12-15,13.1598,26.8,20.9,2.33931403734625,10.053555488992126,77.1478,21.6958,-158.0053,Kuilima Farms
2008-12-16,7.59821,27.2,21.0,2.4112331002615903,10.048505928295144,66.2578,21.6958,-158.0053,Kuilima Farms
2008-12-17,0.669401,27.2,20.6,2.4750517562609784,10.044964961913747,72.5173,21.6958,-158.0053,Kuilima Farms
2008-12-18,0.872766,27.0,19.8,2.5535946823335225,10.042935304417716,68.5981,21.6958,-158.0053,Kuilima Farms
2008-12-19,1.65666,26.6,20.3,2.3914449807282234,10.042418826931964,73.081,21.6958,-158.0053,Kuilima Farms
2008-12-20,2.32675,26.4,19.8,2.4271945453152357,10.04341655576974,67.5272,21.6958,-158.0053,Kuilima Farms
2008-12-21,0.0612364,26.7,20.0,2.461076804001691,10.045928671363964,63.1486,21.6958,-158.0053,Kuilima Farms
2008-12-22,0.208076,26.3,18.9,2.5403242666122967,10.049954507496171,64.5252,21.6958,-158.0053,Kuilima Farms
2008-12-23,0.368934,26.8,20.1,2.469406226517867,10.05549255082429,66.632,21.6958,-158.0053,Kuilima Farms
2008-12-24,1.69675,26.3,20.6,2.2792756744380105,10.062540440711999,65.4286,21.6958,-158.0053,Kuilima Farms
2008-12-25,2.14186,26.8,21.2,2.2912623700053345,10.071094969364223,68.9447,21.6958,-158.0053,Kuilima Farms
2008-12-26,10.3754,26.3,21.6,2.098666408844422,10.081152082274858,70.5045,21.6958,-158.0053,Kuilima Farms
2008-12-27,16.5114,25.8,21.0,2.095334341991913,10.092706878994429,77.3556,21.6958,-158.0053,Kuilima Farms
2008-12-28,2.53016,25.5,20.2,2.175179123214626,10.105753614226897,78.2274,21.6958,-158.0053,Kuilima Farms
2008-12-29,1.06298,25.9,20.6,2.1997417887897357,10.120285699266473,69.4162,21.6958,-158.0053,Kuilima Farms
2008-12-30,13.181,25.6,21.0,2.0550758010290053,10.136295703786423,77.7733,21.6958,-158.0053,Kuilima Farms
2008-12-31,25.7045,25.6,20.0,2.24375500123113,10.15377535799356,74.0964,21.6958,-158.0053,Kuilima Farms
